order,DESIG,DESIG_ENG,IUCN_CAT,IUCN_CAT_THREAT
377,Aire Protégée de Ressources Naturelles Gérées,Managed Natural Resources Protected Area,VI,VI
444,ANP de interes estatal,Protected Area,Not Reported,
453,ANP Estatal,Protected Area,Not Reported,
396,ANP sujeta a Conservacion Ambiental,Area Subject to Ecological Conservation,Not Reported,NA
405,ANP y Reserva Ecologica,Natural protected area and ecological reserve,Not Reported,
205,Aquatic Preserve,Aquatic Preserve,IV,IV
8,Archaeological Reserve,Archaeological Reserve,VI,VI
173,Archaeological Site,Archaeological Site,Not Reported,VI
140,Archaeological State Park,Archaeological State Park,IV,IV
427,Are Dest a la Preser d los Eco y su Biod d Ini Vol,Protected Area,Not Reported,
452,Área Comunitaria de Conservación Ecológica,Protected Area,Not Reported,
497,Area de Conservación,Conservation Area,VI,VI
446,Área de Conservación Ecológica,Ecological Conservation Area,Not Reported,NA
367,Área de Conservación Privada,Private Conservation Area,VI,VI
366,Área de Conservación Regional,Regional Conservation Area,VI,VI
113,Area de Manejo de Habitat,Habitat Management Area,Not Reported,V
115,Area de Manejo de Hábitat/Especies,Habitat/Species Management Area,Not Reported,IV
464,Área de Proteção Ambiental,Environmental Protection Area,V,V
516,Área de Proteção Ambiental,Park,II,II
34,Área de Protección Ambiental,Environmental Protection Area,Not Reported,V
32,Area de Protección de Cuencas,Watershed Protection Area,Not Reported,III
383,Área de Protección de Flora y Fauna,Flora and Fauna Protection Area,VI,VI
384,Área de Protección de los Recursos Naturales,Natural Resources Protection Area,VI,VI
246,Area De Proteccion Especial,Special Protection Area,III,III
465,Área de Relevante Interesse Ecológico,Area of Relevant Ecological Interest,IV,IV
435,Área de Restauración Ecológica,Ecological Restoration Area,Not Reported,VI
498,Area de Uso Científico Bajo Protección Especial,Scientific Use Area Under Special Protection,VI,VI
325,Área de Uso Limitado Bajo Protección Especial,Limited Use Area Under Special Protection,VI,VI
249,Area de Uso Múltiple,Multiple Use Area,III,VI
433,Área de Uso Sostenible,Sustainable Use Area,Not Reported,VI
426,Área Destinada a la Preservación de los Ecosistemas,Protected Area,Not Reported,NA
381,Área Destinada Voluntariamente a la Conservación,Voluntary Conservation Area,VI,VI
488,Area Ecologica de Conservacion,Ecological Area of Conservation,Not Reported,NA
428,Área Ecológica Protegida,Protected Area,Not Reported,
438,Área Estatal de Protección Hidrológica,Protected Area,Not Reported,
293,Área Experimental,Experimental Area,VI,VI
356,Área Marina Costera Protegida,Marine and Coastal Protected Area,IV,IV
393,Área Municipal de Protección Hidrológica,Municipal Park,Not Reported,IV
242,Area Nacional De Recreo,National Recreation Area,V,V
62,Area Natural de Manejo Integado Nacional,National Natural Integrated Management Area,Not Reported,VI
33,Área Natural de Manejo Integrado,Natural Integrated Management Area,Not Reported,VI
77,Área Natural de Manejo Integrado y Parque Departamental,Natural Integrated Management Area and Departmental Parkl,Not Reported,VI
78,Area Natural de Manejo Integrado y Parque Nacional,Natural Integrated Management Area and National Park,Not Reported,VI
112,Área Natural Protegida,Protected Area,Not Reported,
298,Área Natural Protegida,Protected Nature Area,VI,VI
321,Área Natural Protegida - Paisaje Protegido,Protected Nature Area - Protected Landscape,V,V
418,Área Natural Típica,Protected Area,Not Reported,
484,Area Natural Unica,Unique Natural Area,III,III
469,Área Productora de Agua,Water Production Reserve,VI,VI
489,Area Protegida Comunitaria,Community Protected Area,Not Reported,VI
114,Área Protegida de Recursos Manejados,Protected Area of Managed Resources,Not Reported,VI
31,Área Protegida Municipal,Municipal Protected Area,Not Reported,IV
490,Área Protegida Privada,Private Protected Area,Not Reported,IV
108,Area Recreativa,Recreation Area,V,V
445,Área Verde Reserva para la Educación Ecológica,Protected Area,Not Reported,
447,Área Verde Reserva para la Recreacción y la Educación Ecológica,Protected Area,Not Reported,
480,Areas de Recreacion,Recreation Area,V,V
141,Audubon Society Preserve or Sanctuary,Audubon Society Preserve or Sanctuary,V,V
18,Bacalar Chico Marine Reserve,Marine Reserve,IV,IV
151,Beach,Beach,V,V
183,Beach Park,Beach Park,III,III
142,Biological Station,Biological Station,V,Ia
46,Bioparque,Biopark,Not Reported,V
240,Biosphere Reserve,Biosphere Reserve,VI,VI
254,Biotopo Protegido,Protected Biotope,II,II
143,Bird Refuge,Bird Refuge,V,V
200,Bird Sanctuary,Bird Sanctuary,V,V
217,Bombing Range,Bombing Range,V,V
360,Bosque de Protección,Protection Forest,VI,VI
111,Bosque Protector,Protected Forest,VI,VI
144,Botanical State Park,Botanical State Park,V,V
172,Buffer,Buffer,V,V
19,Burdon Canal Nature Reserve,Nature Reserve,Ia,Ia
397,Centro Ecológico Recreativo y Zona de Amortiguamiento,Protected Area,Not Reported,
145,City Beach,City Beach,III,III
147,City Managed Area,City Managed Area,Not Reported,III
168,City Park,City Park,III,III
193,Coastal Preserve,Coastal Preserve,V,V
20,Cockscomb Basin Wildlife Sanctuary,Wildlife Sanctuary,IV,IV
154,Conservation Area,Conservation Area,V,V
228,Conservation Bank,Conservation Bank,V,V
149,Conservation Easement,Conservation Easement,V,V
155,Conservation Land,Conservation Land,V,V
156,Conservation Park,Conservation Park,V,II
244,Corredor Ecologico,Ecological Corridor,VI,VI
364,Coto de Caza,Hunting Preserve,VI,VI
158,County Managed Area,County Managed Area,Not Reported,III
176,County Park,County Park,III,III
491,Critical Priority Area,Critical Priority Area,Not Reported,
21,Crooked Tree Wildlife Sanctuary,Wildlife Sanctuary,IV,IV
89,Designated Protected Area,Designated Protected Area,Not Reported,
450,Destinado a Reserva Ecologica,Protected Area,Not Reported,
479,Distritos de Conservacion de Suelos,Soil Conservation Districts,V,V
482,Distritos Nacionales de Manejo Integrado,Integrated Management National Districts,Not Reported,VI
473,Distritos Regionales de Manejo Integrado,Integrated Management Regional Districts,VI,VI
188,Easement,Easement,V,V
133,Ecological & Historic Preserve,Ecological & Historic Preserve,V,V
3,Ecological Reserve,Ecological Reserve,Not Reported,Ia
380,Elément Naturel Exceptionnel,Exceptional Natural Element,III,III
456,Elemento Natural Destacado,Natural Outstanding Element,III,III
177,Environmental Center,Environmental Center,Not Reported,V
201,Environmental Education Center,Environmental Education Center,V,V
99,Environmental Protection Area,Environmental Protection Area,V,V
148,Environmental System,Environmental System,V,V
462,Estação Ecológica,Ecological Station,Ia,Ia
225,Federal Other or Unknown,Federal Other or Unknown,V,V
164,Field,Field,Not Reported,
92,Fish Sanctuary,Fish Sanctuary,IV,IV
2,Fishery Reserve,Fishery Reserve,Not Reported,VI
461,Floresta,Forest,VI,VI
170,Forest,Forest,VI,VI
495,Forest Area under Protection,Forest Area under Protection,VI,VI
239,Forest Plot,Forest Plot,Not Reported,VI
9,Forest Reserve,Forest Reserve,VI,VI
93,Game Reserve,Game Reserve,Not Reported,VI
224,Garden Park,Garden Park,V,V
169,Gardens,Gardens,III,III
178,Greenway,Greenway,V,V
86,Historic Site and Private Reserve,Historic Site,III,III
209,Historic State Park,Historic State Park,IV,IV
369,Humedal,Wetland,Not Reported,V
109,Humedal de Importancia Internacional,Wetland of International Importance,Not Reported,V
492,Hydrological Reserve,Hydrological Reserve,Not Reported,VI
82,Indigenous Area,Indigenous Area,Not Reported,TI
30,Indigenous Territory,Indigenous Territory,Not Reported,TI
29,Integrated Management Natural Area,Integrated Management Natural Area,IV,IV
471,Jardín Botánico y Centro de Investigación,Botanical Garden and Research Center,II,II
422,Jardín de Regeneración y Recuperación de Especies,Municipal Park,Not Reported,
22,Labouring Creek Jaguar Corridor Wildlife Sanctuary,Wildlife Sanctuary,IV,IV
216,Landfill,Landfill,V,V
496,Littoral Park,Littoral Park,Not Reported,II
138,Local Conservation Area,Local Conservation Area,V,V
160,Local Other or Unknown,Local Other or Unknown,Not Reported,
152,Local Park,Local Park,III,III
146,Local Recreation Area,Local Recreation Area,V,V
459,Managed Resource Use Area,Managed Resource Use Area,VI,VI
157,Management Area,Management Area,Not Reported,VI
210,Manatee Protection Zones,Manatee Protection Zones,V,V
421,Manejo de Formaciones Naturales de Interés Municipal,Municipal Park,Not Reported,
14,Mangrove Reserve,Mangrove Reserve,Not Reported,
162,Marina,Marina,V,V
232,Marine Conservation Area,Marine Conservation Area,VI,VI
233,Marine Conservation Area / Wildlife Reserve,Marine Conservation Area / Wildlife Reserve,VI,VI
97,Marine Management Area / Marine Reserve,Marine Management Area / Marine Reserve,V,VI
6,Marine Park,Marine Park,Not Reported,II
192,Marine Preserve,Marine Preserve,V,V
91,Marine Protected Area / Protected Land and Seascape,Marine Protected Area / Protected Land and Seascape,V,V
85,Marine Reserve,Marine Reserve,II,II
235,Marine Reserve / Marine Conservation Area,Marine Reserve,IV,IV
237,Marine Reserve / Marine Conservation Area / Wildlife Reserve,Marine Reserve / Marine Conservation Area / Wildlife Reserve,IV,IV
443,Mejoramiento y Conservación del Ambiente y Estable,Protected Area,Not Reported,
213,Memorial Forest,Memorial Forest,III,III
166,Mitigation,Mitigation,IV,IV
174,Mitigation Area,Mitigation Area,IV,IV
159,Mitigation Bank,Mitigation Bank,IV,IV
187,Mitigation Park,Mitigation Park,IV,IV
45,Monumento Arqueologico Natural,Natural Archaeological Monument,Not Reported,III
269,Monumento Cientifico - Publico,Scientific Monument,Ia,III
250,Monumento Cultural,Cultural Monument,II,III
103,Monumento Historico,Historical Monument,III,III
102,Monumento Nacional,National Monument,III,III
270,Monumento Natura - Publico,Natural Monument,III,III
53,Monumento Natural,Natural Monument,Not Reported,III
288,Monumento Natural,Nature Monument,VI,III
263,Monumento Natural - Publico,Natural Monument,III,III
318,Monumento Natural Provincial,Provincial Nature Monument,III,III
70,Monumento Natural Turístico,Tourist Natural Monument,Not Reported,III
212,Motorboats Prohibited Zone,Motorboats Prohibited Zone,V,V
23,Mountain Pine Ridge Forest Reserve,Forest Reserve,VI,VI
118,Multiple Use Management Area,Multiple Use Management Area,Not Reported,VI
90,Multiple Use Protected Area,Multiple Use Protected Area,VI,VI
417,Municipal,Municipal Park,Not Reported,IV
186,Museum,Museum,Not Reported,
122,National Estuarine Research Reserve,National Estuarine Research Reserve,IV,IV
27,National Historical Park,National Historical Park,Not Reported,IV
1,National Park,National Park,Not Reported,II
98,National Park and Marine Management Area,National Park and Marine Management Area,V,V
119,National Seashore,National Seashore,V,V
120,National Wildlife Refuge,National Wildlife Refuge,Ia,III
165,Natural Area,Natural Area,V,V
12,Natural Monument,Natural Monument,III,III
95,Nature / Wildlife Reserve,Nature / Wildlife Reserve,Not Reported,III
179,Nature Center,Nature Center,V,V
180,Nature Center and Planetarium,Nature Center and Planetarium,V,V
181,Nature Center and Wetlands,Nature Center and Wetlands,V,V
117,Nature Park,Nature Park,II,II
167,Nature Preserve,Nature Preserve,V,V
15,Nature Reserve,Nature Reserve,Ia,Ia
96,Nature Reserve and Marine Reserve,Nature Reserve and Marine Reserve,Not Reported,
199,Nature Sanctuary,Nature Sanctuary,V,IV
185,Neighborhood Park,Neighborhood Park,III,III
211,No Entry Zone,No Entry Zone,IV,IV
24,Nohoch Cheen Archaeological Reserve,Archaeological Reserve,VI,VI
105,Not Reported,Not Reported,Not Reported,
184,Open Space,Open Space,V,V
194,Other Private Managed Area,Other Private Managed Area,Not Reported,VI
134,Other State Managed Area,Other State Managed Area,Not Reported,VI
268,Otras Categorias - Publico,Other Categories,Not Reported,
283,Paisaje Protegido,Protected Landscape,V,V
104,Paisaje Terrestre y/o Marino Protegido,Landscape and/or Marine Protected,Not Reported,V
275,Paisajes Protegido - Privado,Protected landscape,V,V
273,Paisajes Protegido - Publico,Protected landscape,V,V
378,Parc National,National Park,II,II
190,Park and Rookery,Park and Rookery,V,V
395,Parque,Park,Not Reported,II
40,Parque Arqueológico,Archaeological Park,Not Reported,IV
51,Parque de Protección Ecologica,Ecological Protection Park,Not Reported,II
442,Parque de Recreación Popular,Park,Not Reported,V
76,Parque Departamental,Departmental Park,Not Reported,II
44,Parque Ecológico,Ecological Park,Not Reported,II
449,Parque Ecológico Estatal,Ecological Park,Not Reported,II
451,Parque Ecológico Recreativo,Ecological Park,Not Reported,III
391,Parque Ecológico Turístico Rcreativo,Ecological Park,Not Reported,III
390,Parque Ecológico Zoo Recreativo y Turístico,Ecological Park,Not Reported,III
504,Parque Escolar Rural,Rural School Park,Not Reported,V
388,Parque Estatal,State Park,Not Reported,II
399,"Parque Estatal Ecológico, Turístico y Recreativo",State Park,Not Reported,II
373,Parque Interjurisdiccional Marino Costero,Interjurisdictional Coastal Marine Park,Not Reported,II
110,Parque Internacional,International Park,Not Reported,II
358,Parque Marino,Marine Park,Ia,II
107,Parque Marino Nacional,Marine National Park,II,II
47,Parque Metropolitano,Metropolitan Park,Not Reported,II
25,Parque Municipal,Municipal Park,Not Reported,IV
423,Parque Municipal y de Reserva Potencial,Municipal Park,Not Reported,
251,Parque Nacional,Cultural Monument,Not Reported,III
57,Parque Nacional,National Park,Not Reported,II
265,Parque Nacional - Publico,National Park,II,II
69,Parque Nacional Histórico,National Historic Park,Not Reported,IV
472,Parque Nacional Marino,Marine National Park,VI,II
476,Parque Nacional Natural,National Natural Park,II,II
64,Parque Nacional Reserva Nacional de Fauna Andina,Andean Fauna National Reserve and National Park,Not Reported,VI
245,Parque Nacional Submarino,Marine National Park,II,II
59,Parque Nacional y Area Natural de Manejo Integrado,National Park and Integrated Management Natural Area,Not Reported,VI
79,Parque Nacional y Area Natural de Manejo Integrado,National Park and Natural Integrated Management Area,Not Reported,VI
60,Parque Nacional y Territorio Indigena,National Park and Indigenous Territory,Not Reported,II
434,Parque Natural,Natural Park,Not Reported,II
333,Parque Natural,Nature Park,II,II
285,Parque Natural Municipal,Municipal Nature Park,VI,IV
402,Parque Natural para la Recreación Popular,Natural Park,Not Reported,II
512,Parque Natural Provincial,Municipal Nature Park,Not Reported,II
341,Parque Natural Provincial,Provincial Nature Park,II,II
315,Parque Natural Provincial y Reserva Forestal Natural,Provincial Nature Park and Natural Forest Reserve,VI,VI
74,Parque Natural y Área de Manejo Integrado,Natural Park and Integrated Management Area,Not Reported,VI
281,Parque Provincial,Provincial Park,II,II
308,Parque Provincial y Reserva Forestal,Provincial Park and Forest Reserve,II,II
507,Parque Público Turístico,Public Tourist Park,Not Reported,III
252,Parque Recreativo Natural Municipal,Recreational natural municipal park,IV,IV
67,Parque Regional,Regional Park,Not Reported,II
259,Parque Regional Municipal,Private Natural Reserve,IV,IV
256,Parque Regional Municipal,Regional Municipal Park,IV,II
258,Parque Regional y Área Natural Recreativa,Regional Park and Natural Recreational Area,IV,IV
294,Parque Universitario,University Park,II,II
387,Parque Urbano,City Park,Not Reported,III
410,Parque Urbano Ecológico,City Park,Not Reported,II
425,Parque Urbano sujeto a Protección Ecológica,Municipal Park,Not Reported,
337,Parque y Reserva Provincial,Provincial Reserve and Park,VI,II
478,Parques Naturales Regionales,Regional Natural Parks,II,II
48,Patrimonio Cultural y Paisajistico,Cultural Heritage Landscape,Not Reported,V
323,Patrimonio Histórico Cultural Natural,Nature Historical and Cultural Heritage Site,III,III
73,Patrimonio Nacional y Reserva Ecologica,National Heritage Ecological Reserve,Not Reported,Ia
35,Patrimonio Natural Paisajistico,Cultural Heritage Landscape,Not Reported,V
36,Patrimonio Natural Paisajistico y Parque Nacional,Cultural Heritage Landscape and National Park,Not Reported,V
4,Plant Preserve,Plant Preserve,Not Reported,
136,Preserve,Preserve,V,V
125,Preserve State Park,Preserve State Park,IV,IV
137,Private Conservation,Private Conservation,V,V
182,Private Conservation Land,Private Conservation Land,V,V
87,Private Forest Reserve,Private Forest Reserve,Not Reported,IV
195,Private Other or Unknown,Private Other or Unknown,Not Reported,
196,Private Preserve,Private Preserve,V,V
28,Private Protected Area,Private Protected Area,Not Reported,IV
10,Private Reserve,Private Reserve,IV,IV
7,Protected Area,Protected Area,Not Reported,
94,Protected Forest / Forest Reserve,Protected Forest / Forest Reserve,II,II
236,Protected Landscape and Seascape,Protected Landscape and Seascape,V,V
379,Protection de la Diversité Biologique,Protection of Biological Diversity,V,V
238,Protective Zone,Protective Zone,V,V
13,Public Reserve,Public Reserve,II,II
5,"Ramsar Site, Wetland of International Importance","Ramsar Site, Wetland of International Importance",Not Reported,
150,Recreation Area,Recreation Area,V,V
229,Recreation Park,Recreation Park,V,V
121,Refuge,Refuge,IV,IV
457,Refugio de Fauna,Wildlife Refuge,IV,IV
50,Refugio de Vida Silvestre,Wildlife Refuge,Not Reported,III
515,Refúgio de Vida Silvestre,Wildlife Refuge,III,III
368,Refugio Nacional de Vida Silvestre,National Wildlife Refuge,Not Reported,III
503,Refugio Natural Privado,Private Nature Refuge,Not Reported,IV
286,Refugio Privado,Private Refuge,Ia,Ia
287,Refugio Privado de Vida Silvestre,Private Wildlife Refuge,VI,VI
509,Refugio Privado Vida Silvestre,Private Wildlife Refuge,VI,VI
279,Refugio Provincial,Provincial Refuge,IV,IV
189,Regional Park,Regional Park,III,II
202,Research Area,Research Area,III,III
128,Research Natural Area,Research Natural Area,Ia,Ia
197,Research Station and Land Conservancy,Research Station and Land Conservancy,V,V
470,Reserva Antropológica y Forestal,Anthropological and Forest Reserve,VI,VI
56,Reserva Biológica,Biological Reserve,Not Reported,Ia
468,Reserva Biósfera,Biosphere Reserve,VI,VI
353,Reserva Biósfera,UNESCO-MAB Biosphere Reserve,Not Applicable,V
416,Reserva Biótica,Biotic Reserve,Not Reported,NA
508,Reserva Botánica,Botanical Reserve,Not Reported,II
241,Reserva Cientifica,Scientific Reserve,Ia,Ia
276,Reserva Cientifica - Publico,Scientific Reserve,Ia,Ia
72,Reserva Científica Ecológica y Arqueológica,Scientific Ecological and Archaeological Reserve,Not Reported,IV
363,Reserva Comunal,Communal Reserve,VI,VI
424,Reserva Comunitaria,Municipal Park,Not Reported,
324,Reserva con fines de utilidad pública,Reserve with purposes of public utility,VI,VI
309,Reserva Cultural Natural,Nature and Cultural Reserve,V,V
348,Reserva Cultural y Paisajística,Protected Nature and Cultural and Landscape Reserve,V,V
332,Reserva de Caza,Hunting Reserve,VI,VI
436,Reserva de Conservación,Conservation Reserve,Not Reported,
466,Reserva de Desenvolvimento Sustentável,Sustainable Development Reserve,VI,VI
297,Reserva de Fauna Silvestre,Wildlife Reserve,IV,IV
316,Reserva de Flora y Fauna,Flora and Fauna Reserve,VI,VI
41,Reserva de Inmovilizacion,Immobilization Reserve,Not Reported,
58,Reserva de la Biósfera,Biosphere Reserve,Not Reported,VI
116,Reserva de la Biósfera,UNESCO-MAB Biosphere Reserve,Not Applicable,V
389,Reserva de la Biosfera Estatal,Biosphere Reserve,Not Reported,VI
61,Reserva de la Biósfera y Territorio Indígena,Biosphere Reserve and Indigenous Territory,Not Reported,VI
267,Reserva de las Entidades Binacionales - Autarquico,Natural Reserve,IV,IV
331,Reserva de Paisaje Protegido,Protected Landscape Reserve,V,V
300,Reserva de Pesca,Fisheries Reserve,VI,VI
487,Reserva de Producción de Fauna,Fauna Production Reserve,Not Reported,VI
500,Reserva de Recursos,Resource Reserve,Not Reported,
101,Reserva de Recursos Geneticos,Genetic Resources Reserve,Not Reported,III
274,Reserva de Recursos Manejados,Managed Resource Reserve,VI,VI
271,Reserva de Recursos Manejados - Privado,Managed Resource Reserve,VI,VI
262,Reserva de Recursos Manejados - Publico,Managed Resource Reserve,VI,VI
291,Reserva de Uso Múltiple,Multiple Use Reserve,VI,VI
38,Reserva de Vida Silvestre,Wildlife Reserve,Not Reported,IV
68,Reserva Departamental,Departmental Reserve,Not Reported,II
290,Reserva Ecológica,Ecological Reserve,VI,Ia
272,Reserva Ecológica - Publico,Ecological Reserve,Not Reported,Ia
413,Reserva Ecológica Comunitaria,Ecological Reserve,Not Reported,IV
409,Reserva Ecológica Estatal,Ecological Reserve,Not Reported,Ia
350,Reserva Ecologica Municipal de Uso Multiple,Multiple Use Municipal Ecological Reserve,VI,VI
334,Reserva Ecológica y Forestal,Ecological and Forest Reserve,VI,VI
431,Reserva Estat con carac de Reserva de la Biosfera,State Reserve,Not Reported,V
386,Reserva Estatal,State Reserve,Not Reported,V
463,Reserva Extrativista,Extractive Reserve,VI,VI
66,Reserva Fiscal,Fiscal Reserve,Not Reported,
310,Reserva Flora y Fauna con Recursos Manejados,Flora and Fauna Reserve with Managed Resources,VI,VI
455,Reserva Florística Manejada,Managed Flora Reserve,IV,IV
106,Reserva Forestal,Forest Reserve,Not Reported,VI
49,Reserva Forestal de Flora y Fauna,Wildlife and Forest Preserve,Not Reported,IV
260,Reserva Forestal Municipal,Municipal Forest Reserve,III,III
312,Reserva Forestal Natural,Nature Forest Reserve,VI,VI
253,Reserva Forestal Protectora de Manantiales,Watershed Protection Reserve,III,III
486,Reserva Geobotánica,Geobotanical Reserve,Not Reported,III
320,Reserva Hemisférica,Hemispheric Shorebird Reserve,IV,IV
343,Reserva Hídrica Natural,Natural Water Reserve,Not Reported,VI
313,Reserva Hídrica Natural,Nature Water Reserve,VI,VI
346,Reserva Hídrica Natural,Reserva Hídrica Natural,VI,VI
314,Reserva Hídrica Provincial,Provincial Water Reserve,VI,VI
261,Reserva Hídrica y Forestal,Water and Forest Reserve,III,III
327,Reserva Hidrogeologica,Hydrological Reserve,VI,VI
284,Reserva Ictica,Ichthyic Reserve,VI,VI
513,Reserva Ictica,Ictica Reserve,VI,VI
84,Reserva Indígena,Indigenous Reserve,Not Reported,TI
357,Reserva Marina,Marine Reserve,IV,IV
52,Reserva Municipal,Municipal Reserve,Not Reported,IV
354,Reserva Nacional,National Reserve,IV,IV
54,Reserva Nacional de Fauna Andina,Andean Fauna National Reserve,Not Reported,VI
55,Reserva Nacional de Flora y Fauna,National Flora and Fauna Reserve,Not Reported,IV
63,Reserva Nacional de Vida Silvestre Amazónica,National Wildlife Reserve,Not Reported,III
302,Reserva Natural,Municipal Nature Reserve,IV,IV
510,Reserva Natural,National Reserve,Not Reported,IV
458,Reserva Natural,Natural Reserve,Ia,Ia
514,Reserva Natural,Natural reserve,VI,VI
100,Reserva Natural,Nature Reserve,VI,VI
264,Reserva Natural - Privado,Natural Private Reserve,IV,IV
370,Reserva Natural Absoluta,Absolute Natural Reserve,Ia,Ia
372,Reserva Natural Absoluta,Protected Zone,Not Reported,II
336,Reserva Natural Científica,Scientific Nature Reserve,VI,Ia
292,Reserva Natural Cultural,Cultural Nature Reserve,VI,VI
311,Reserva Natural de Fauna,Nature Fauna Reserve,VI,VI
330,Reserva Natural de Fauna Silvestre,Nature Wildlife Reserve,VI,VI
326,Reserva Natural de Interés Provincial,Provincial Nature Reserve,VI,VI
376,Reserva Natural de la Defensa,Nature Reserve of Defense,Not Reported,
474,Reserva Natural de la Sociedad Civil,Civil Society Nature Reserve,VI,VI
280,Reserva Natural de Objetos Definidos,Nature Reserve of Define Objects,IV,IV
299,Reserva Natural de Uso Múltiple,Multiple Use Nature Reserve,VI,VI
71,Reserva Natural de Vida Silvestre,National Wildlife Reserve,Not Reported,III
375,Reserva Natural Educativa,Educational Nature Reserve,Ia,Ia
295,Reserva Natural Estricta,Strict Nature Reserve,Ia,Ia
351,Reserva Natural Hídrica,Natural Water Reserve,VI,VI
502,Reserva Natural Ictica,Ictica Natural Reserve,Not Reported,VI
322,Reserva Natural Intangible,Intangible Nature Reserve,VI,VI
301,Reserva Natural Integral,Integral Nature Reserve,VI,VI
303,Reserva Natural Integral Mixta,Mixed Integral Nature Reserve,Ia,Ia
340,Reserva Natural Manejada,Managed Nature Reserve,VI,VI
345,Reserva Natural Manejada,Nature Reserve,IV,IV
278,Reserva Natural Municipal,Municipal Nature Reserve,Not Reported,II
499,Reserva Natural Objetivo Definido Educativo,Nature Reserve,IV,IV
257,Reserva Natural Privada,Private Natural Reserve,V,IV
342,Reserva Natural Privada,Private Nature Reserve,VI,IV
296,Reserva Natural Provincial,Provincial Nature Reserve,VI,VI
374,Reserva Natural Silvestre,Wilderness Nature Reserve,Ib,Ib
501,Reserva Natural Turística,Natural Tourist Reserve,Not Reported,
305,Reserva Natural Turística,Tourist Nature Reserve,VI,VI
319,Reserva Natural Turística y de Investigación Biológica,Tourist and Scientific Research Nature Reserve,IV,IV
328,Reserva Natural Urbana,Urban Nature Reserve,VI,VI
338,Reserva Natural Urbana de Uso Múltiple,Urban Multiple Use Nature Reserve,VI,VI
335,Reserva Natural y Cultural,Cultural and Nature Reserve,VI,VI
43,Reserva Natural y Deportiva,Natural Reserve,Not Reported,IV
365,Reserva Paisajistica,Landscape Reserve,V,V
460,Reserva Particular do Patrimônio Natural,Natural Heritage Private Reserve,IV,IV
401,Reserva Patrimonial,Patrimonial Reserve,Not Reported,
282,Reserva Privada,Private Reserve,VI,IV
344,Reserva Privada de Uso Múltiple,Private Multiple Use Reserve,VI,VI
289,Reserva Privada de Vida Silvestre,Private Wildlife Refuge,II,II
255,Reserva Protectora de Manantiales,Watershed Protection Reserve,III,III
306,Reserva Provincial,Provincial Reserve,VI,VI
329,Reserva Provincial de Fauna,Provincial Faunal Reserve,VI,VI
505,Reserva Provincial de Flora y Fauna,Provincial Flora and Fauna Reserve,Not Reported,VI
307,Reserva Provincial de Uso Múltiple,Multiple Use Provincial Reserve,VI,VI
304,Reserva Provincial Turístico Forestal,Tourist and Forest Provincial Reserve,VI,VI
339,Reserva Pública,Reserva Pública,VI,VI
317,Reserva Total,Total Reserve,Ia,Ia
347,Reserva Universitaria de Recursos,University Resource Reserve,VI,VI
277,Reservas de la Biosfera - Publico,Biosphere Reserve,Not Reported,VI
266,Reservas de la Biosfera Mbaracayú,UNESCO-MAB Biosphere Reserve,Not Applicable,V
477,Reservas Forestales Protectoras Nacionales,National Protective Forest Reserves,VI,VI
475,Reservas Forestales Protectoras Regionales,Regional Protective Forest Reserves,VI,VI
467,Reservas Naturales Privadas,Private Nature Reserve,Not Reported,IV
218,Reservation,Reservation,V,V
135,Reserve,Reserve,V,V
231,Reserve Program,Reserve Program,V,V
214,Reserves,Reserves,V,V
441,Restauración Ecológica,Ecological Restoration,Not Reported,VI
153,Restoration,Restoration,V,V
171,River Corridor,River Corridor,V,V
175,Rookery,Rookery,Not Reported,
493,Rural Development Area,Rural Development Area,Not Reported,V
198,Sanctuary,Sanctuary,V,V
385,Santuario,Sanctuary,II,II
481,Santuario de Fauna y Flora,Fauna and Flora Sanctuary,IV,IV
483,Santuario de Flora,Flora Sanctuary,IV,IV
355,Santuario de la Naturaleza,Nature Sanctuary,IV,IV
247,Santuario De Mamiferos Marinos,Marine Mammal Sanctuary,Ia,Ia
65,Santuario de Vida Silvestre,Wildlife Sanctuary,Not Reported,IV
362,Santuario Histórico,Historic Sanctuary,III,III
39,Santuario Municipal,Municipal Sanctuary,Not Reported,IV
359,Santuario Nacional,National Sanctuary,III,III
223,School,School,V,V
408,Sit Dest a la Preser d los Eco y su Biod d Ini Vol,Protected Area,Not Reported,
352,Sitio Patrimonio de la Humanidad (natural o mixto),World Heritage Site (natural or mixed),Not Applicable,V
349,"Sitio Ramsar, Humedal de Importancia Internacional","Ramsar Site, Wetland of International Importance",Not Reported,
430,Sitio Sagrado Natural,Protected Area,Not Reported,IV
16,Spawning Aggregation Site Reserves,Spawning Aggregation Site Reserves,IV,IV
88,Specially Protected Area (Cartagena Convention),Specially Protected Area (Cartagena Convention),II,II
139,State Archaeological Site,State Archaeological Site,V,V
131,State Buffer Preserve,State Buffer Preserve,Ia,Ia
230,State Conservation Area,State Conservation Area,V,V
208,State Historic Site,State Historic Site,V,V
219,State Other or Unknown,State Other or Unknown,Not Reported,NA
123,State Park,State Park,IV,II
206,State Park Aquatic Preserve,State Park Aquatic Preserve,IV,II
132,State Preserve,State Preserve,IV,IV
124,State Recreation Area,State Recreation Area,V,V
129,State Reserve,State Reserve,V,V
215,State University Managed Area,State University Managed Area,Not Reported,VI
83,Terra Indígena,Indigenous Area,Not Reported,TI
439,Terreno de Actividad Publica,Protected Area,Not Reported,
222,Tnc Conservation Easement,Tnc Conservation Easement,V,V
203,TNC Preserve,TNC Preserve,V,V
161,Trail,Trail,V,V
400,Transferencia de predios,Protected Area,Not Reported,
17,Turneffe Atoll Marine Reserve,Turneffe Atoll Marine Reserve,IV,IV
207,Underwater Archeaological Preserve,Underwater Archeaological Preserve,IV,IV
80,UNESCO-MAB Biosphere Reserve,UNESCO-MAB Biosphere Reserve,Not Applicable,V
511,Unidad de Conservación,Conservation Unit,Not Reported,
226,Unspecified Water Management Land,Unspecified Water Management Land,V,V
437,"Valor Escénico, Histórico y Cultural",Protected Area,Not Reported,
243,Via Panoramica,Via Panoramica,VI,VI
485,Via Parque,Park Way,III,III
227,Wetland Mitigation Bank,Wetland Mitigation Bank,V,V
163,Wetlands,Wetlands,V,V
126,Wilderness Area,Wilderness Area,Ib,Ib
191,Wilderness Preserve,Wilderness Preserve,V,V
220,Wilderness Study Area,Wilderness Study Area,Ib,Ib
127,Wildlife and Environmental Area,Wildlife and Environmental Area,VI,VI
221,Wildlife Habitat Area,Wildlife Habitat Area,V,V
130,Wildlife Management Area,Wildlife Management Area,V,V
26,Wildlife Refuge,Wildlife Refuge,IV,IV
234,Wildlife Reserve,Wildlife Reserve,IV,IV
11,Wildlife Sanctuary,Wildlife Sanctuary,IV,IV
204,Wildlife State Park,Wildlife State Park,V,V
81,World Heritage Site (natural or mixed),World Heritage Site (natural or mixed),Not Applicable,V
406,Z de Res Ecol y Z de Ref de Aves Mar Migr y FFS,Protected Area,Not Reported,
454,Zona de Amortiguamiento de la Reserva Ecológica,Ecological Conservation Zone,Not Reported,NA
419,Zona de Conservación Ecológica,Ecological Conservation Area,Not Reported,NA
394,Zona de Conservación Ecológica,Ecological Conservation Zone,Not Reported,NA
37,Zona de Inmovilizacion Forestal e Hídrica,Immobilization Forestry and Water Zone,Not Reported,VI
404,Zona de Preservación,Municipal Park,Not Reported,NA
392,Zona de Preservación Ecológica,Ecological Conservation Area,Not Reported,NA
407,Zona de Preservación Ecológica de los Centros de Población,Municipal Park,Not Reported,NA
440,Zona de Preservación Ecológica de los Centros de Población,Protection Zone,Not Reported,NA
448,Zona de Prot Ecol destinada al Mej y Cons del Amb,Protection Zone,Not Reported,
75,Zona de Protección de Cuencas Hidrograficas,Watershed Protection Area,Not Reported,III
411,Zona de Protección Hidrológica y Ecológica,Protection Zone,Not Reported,III
42,Zona de Proteccion Paisajistica,Landscape Protection Area,Not Reported,V
506,Zona de Res. de Fauna Silvestre,Wildlife Area,Not Reported,IV
414,Zona de Reserva Ecológica,Ecological Reserve,Not Reported,Ia
415,Zona de Restauración,Restoration Zone,Not Reported,V
248,Zona de Veda Definitiva,Permanent closure zone,Not Reported,IV
412,Zona Especial Prot Flora y Fauna Silvestre y Acuat,Special Protection Zone,Not Reported,IV
398,Zona Especial sujeta a Conservación Ecológica,Municipal Park,Not Reported,
429,Zona Especial sujeta a Conservación Ecológica,Special Protection Zone,Not Reported,IV
432,Zona Preserv Ecol de los Centros de Poblacion,Ecological Preservation,Not Reported,NA
371,Zona Protectora,Protected Zone,VI,VI
361,Zona Reservada,Restricted Zone,Not Assigned,
382,Zona Sujeta a Conservación Ecológica,Ecological Conservation,Not Reported,NA
403,Zona Sujeta a Reserva Ecológica,Ecological Reserve,Not Reported,NA
494,Zone of Agricultural Development,Zone of Agricultural Development,Not Reported,VI
420,"ZPECP, subcategoria parque intraurbano",Municipal Park,Not Reported,
