"","original.search","id","scientific.name","accepted.name","family","taxon.rank","taxon.status","search.str","threat.status","notes","life.form","vegetation.type","establishment","domain","order","checagem_VCS","DataSource","TreeCo_status","establishment.AF","establishment.BR","habito","habito.reflora","habito.Hans","habito.Ary","succesional.group","dispersal.syndrome","status_final","status_brazil_2005","criterion_iucn_brazil_2005","status_iucn_2005","criterion_iucn_2005","year_assessed_2005","geographical_distribution","Name_matched","Overall_score","Taxonomic_status","Accepted_name","Accepted_name_author","Accepted_name_rank","Accepted_name_url","Accepted.name.species","Accepted_name_genus","Accepted_name_family","Source","Warnings","Accepted_name_lsid","Bolivia","Brazil","Colombia","Ecuador","French.Guiana","Guyana","Peru","Suriname","Venezuela.x","Grand.Total","Tree.Source","obs","id.reflora","scientific.name.reflora","accepted.name.reflora","family.reflora","genus.reflora","specific.epiteth.reflora","infra.epiteth.reflora","species.reflora","taxon.rank.reflora","taxon.status.reflora","name.status.reflora","search.str.reflora","threat.status.reflora","notes.reflora","life.form.reflora","habitat.reflora","BrazilianStates.reflora","establishment.reflora","vegtype.reflora","domain.reflora","endemism.Reflora","SppID","Family","Genus","Species","Full_Species","notes.x","Species.code","Growth.habits","Potential.height","Domain.Ary","Endemism.Ary","Equatorial","Tropical","Subtropical","Temperate","Subantarctic","Rain.forest","Cloud.forest","Mixed.forest","Semideciduous.forest","Deciduous.forest","Montane.woodland","Coastal.sandy.woodland","Hinterland.sandy.woodland","Savanna.woodland","Semi.arid.thorny.woodland","Semi.desert.and.Desert","Tidal.forest","Adventitious","Africa","Asia","Oceania","United.States","Mexico","Belize","Guatemala","El.Salvador","Honduras","Nicaragua","Costa.Rica","Panama","Isla.del.Coco","Galapagos","Jamaica","Cuba","Hispaniola","Puerto.Rico","Bahamas","Lesser.Antilles","Trinidad.and.Tobago","French.Guiana.1","Surinam","Guyana.1","Venezuela","Colombia.1","Ecuador.1","Peru.1","Bolivia.1","Paraguay","Uruguay","Argentina","Chile","Ju.n.Fern.ndez","Brazil.1","BrazilianStates.Ary","ArgentinaStates.ConoSur","BrazilianStates.ConoSur","ChileanStates.ConoSur","ParaguayanStates.ConoSur","UruguayanStates.ConoSur","Taxonomic.comments","AtlanticForest","Domain","Endemism","ARG.Missiones.ConoSur","BRA.MataAtlantica.Reflora.Ary.Conosur","PAY.MataAtlantica.ConoSur","PotentialAtlanticForest","AtlanticForestChecklist_preliminary","treeco","notes.TPL","Taxon","Genus.TPL","Hybrid.marker.TPL","Species.TPL","Infraspecific.rank.TPL","Infraspecific.TPL","Authority.TPL","ID.TPL","Plant.Name.Index.TPL","Taxonomic.status.TPL","Family.TPL","New.Genus.TPL","New.Hybrid.marker.TPL","New.Species.TPL","New.Infraspecific.rank.TPL","New.Infraspecific.TPL","New.Authority.TPL","New.ID.TPL","New.Taxonomic.status.TPL","Higher.level.TPL","TPL.version","NewTaxon.TPL","Habit.TreeCo","MaxHeight_m.TreeCo","MaxDbh_cm.TreeCo","VCS.jan2019..nome.","VCS.jan2019..habito.","VCS.jan2019..establishment.","Distribution.VCS","TBC"
"1","Agonandra brasiliensis",19966,"Agonandra brasiliensis Miers ex Benth. & Hook.f.",NA,"Opiliaceae","species","accepted","Agonandra brasiliensis",NA,"","¡rvore","Carrasco|Cerrado (lato sensu)|Floresta Ciliar ou Galeria|Floresta de Terra Firme|Floresta de V·rzea|Floresta Estacional Decidual|Floresta Estacional Semidecidual","native","AmazÙnia|Caatinga|Cerrado|Mata Atl‚ntica|Pantanal",1492,NA,"Grandtner","ok","native","native","1","1",1,1,"late_secondary","zoochoric",NA,NA,NA,NA,NA,NA,"neotropical","Agonandra brasiliensis",1,"Accepted","Agonandra brasiliensis","Miers ex Benth. & Hook. f.","species","http://www.tropicos.org/Name/23400002","Agonandra brasiliensis","Agonandra","Opiliaceae","tropicos",NA,NA,8,82,1,NA,NA,10,5,3,6,115,"country_checklists","revised.by.D.Cardoso",19966,"Agonandra brasiliensis Miers ex Benth. & Hook.f.",NA,"Opiliaceae","Agonandra","brasiliensis",NA,"Agonandra brasiliensis","species","accepted","correct","Agonandra brasiliensis",NA,NA,"check",NA,NA,NA,NA,NA,"not_endemic",12901,"OPILIACEAE","Agonandra","Agonandra brasiliensis","Agonandra brasiliensis Miers ex Benth. & Hook.f.",NA,"Agonbras","Tree",25,"Amazonia|AtlanticForest|Caatinga|Cerrado|Pantanal|SouthernAndes","not_endemic","+","+",NA,NA,NA,"+",NA,NA,"+","+",NA,"+","+","+","+",NA,NA,NA,NA,NA,NA,NA,NA,NA,NA,NA,NA,NA,NA,"PNM",NA,NA,NA,NA,NA,NA,NA,NA,NA,NA,"SR","GN","VNZ","CLM",NA,"PER","BOL","PAY",NA,NA,NA,NA,"Brasil","RO|AC|AM|RR|PA|AP|TO|MA|PI|CE|RN|PB|PE|BA|MG|SP|MS|MT|GO|DF",NA,"BRA(Fuera del òrea del proyecto)",NA,"PRY(AMA, CON, SPE)",NA,"Hiepko, P. Opiliaceae in Lista de Esp?cies da Flora do Brasil. Jardim Bot?nico do Rio de Janeiro. Available in: <http://floradobrasil.jbrj.gov.br/jabot/floradobrasil/FB19966>. Access on: 30 Jul. 2014.","yes","Amazonia|AtlanticForest|Caatinga|Cerrado|Pantanal|SouthernAndes","not_endemic",0,1,1,"yes","yes","TRUE","Accepted","Agonandra brasiliensis","Agonandra",NA,"brasiliensis",NA,NA,NA,"kew-2626658",TRUE,"Accepted","Opiliaceae","Agonandra",NA,"brasiliensis",NA,NA,"Miers ex Benth.","kew-2626658","Accepted",FALSE,1.1,"Agonandra brasiliensis",NA,NA,NA,NA,NA,NA,NA,NA
"2","Aiouea bracteata",8380,"Aiouea bracteata Kosterm.",NA,"Lauraceae","species","accepted","Aiouea bracteata","VU","","¡rvore","Cerrado (lato sensu)|Floresta Ciliar ou Galeria|Floresta Estacional Semidecidual","native","Cerrado|Mata Atl‚ntica",1522,NA,"Grandtner","ok","native","native","1","1",1,1,"late_secondary","zoochoric","vulnerable_VU_reflora","vulnerable_VU","D2","vulnerable_VU","B1+2c",1998,"local_endemic","Aiouea bracteata",1,"Accepted","Aiouea bracteata","Kosterm.","species","http://www.tropicos.org/Name/17802516","Aiouea bracteata","Aiouea","Lauraceae","tropicos",NA,NA,NA,NA,NA,NA,NA,NA,NA,NA,NA,NA,NA,NA,8380,"Aiouea bracteata Kosterm.",NA,"Lauraceae","Aiouea","bracteata",NA,"Aiouea bracteata","species","accepted","correct","Aiouea bracteata","VU",NA,"Tree","Terricola","SP","native","Cerrado(latosensu)|FlorestaCiliarouGaleria|FlorestaEstacionalSemidecidual","Cerrado|AtlanticForest","endemic",5963,"LAURACEAE","Aiouea","Aiouea bracteata","Aiouea bracteata Kosterm.",NA,"Aioubrac","Tree or shrub",5,"AtlanticForest|Cerrado","not_endemic",NA,"+",NA,NA,NA,NA,"+",NA,"+","+",NA,NA,NA,NA,NA,NA,NA,NA,NA,NA,NA,NA,NA,NA,NA,NA,NA,NA,NA,NA,NA,NA,NA,NA,NA,NA,NA,NA,NA,NA,NA,NA,NA,NA,NA,NA,NA,NA,NA,NA,NA,NA,"Brasil","MG|SP",NA,NA,NA,NA,NA,"Quinet, A.; Baitello, J.B.; Moraes, P.L.R. de; Alves, F.M.; Assis, L. Lauraceae in Lista de Esp?cies da Flora do Brasil. Jardim Bot?nico do Rio de Janeiro. Available in: <http://floradobrasil.jbrj.gov.br/jabot/floradobrasil/FB8378>. Access on: 17 Apr. 201","yes","AtlanticForest|Cerrado","not_endemic",NA,1,NA,"yes","no","TRUE","Accepted","Aiouea bracteata","Aiouea",NA,"bracteata",NA,NA,NA,"kew-2626892",TRUE,"Accepted","Lauraceae","Aiouea",NA,"bracteata",NA,NA,"Kosterm.","kew-2626892","Accepted",FALSE,1.1,"Aiouea bracteata",NA,NA,NA,NA,NA,NA,NA,NA
"3","Aspidosperma brasiliense",604199,"Aspidosperma brasiliense A.S.S.Pereira & A.C.D.Castello",NA,"Apocynaceae","species","accepted","Aspidosperma brasiliense",NA,"","¡rvore","Carrasco|Cerrado (lato sensu)|Floresta Ciliar ou Galeria|Savana AmazÙnica","native","AmazÙnia|Caatinga|Cerrado|Mata Atl‚ntica",56557,NA,"FloraBrasil","ok",NA,"native","1","1",NA,NA,NA,NA,NA,NA,NA,NA,NA,NA,NA,NA,NA,"Accepted",NA,NA,NA,NA,NA,NA,NA,NA,NA,NA,NA,NA,NA,NA,NA,NA,NA,NA,NA,NA,NA,NA,604199,"Aspidosperma brasiliense A.S.S. Pereira & A.C.D. Castello",NA,"Apocynaceae","Aspidosperma","brasiliense",NA,"Aspidosperma brasiliense","species","accepted","correct",NA,NA,NA,"Tree",NA,"MG|SP|RJ|GO|MT|DF|RN|MA|CE|BA|AL|TO|PA","native","Carrasco|Cerrado(latosensu)|FlorestaCiliarouGaleria|SavanaAmaz??nica","Amazonia|Caatinga|Cerrado|AtlanticForest","endemic",NA,NA,NA,NA,NA,NA,NA,NA,NA,NA,NA,NA,NA,NA,NA,NA,NA,NA,NA,NA,NA,NA,NA,NA,NA,NA,NA,NA,NA,NA,NA,NA,NA,NA,NA,NA,NA,NA,NA,NA,NA,NA,NA,NA,NA,NA,NA,NA,NA,NA,NA,NA,NA,NA,NA,NA,NA,NA,NA,NA,NA,NA,NA,NA,NA,NA,NA,NA,NA,NA,NA,NA,NA,NA,NA,1,NA,"yes","no",NA,"not_found","Aspidosperma brasiliense","Aspidosperma",NA,"brasiliense",NA,NA,NA,NA,FALSE,NA,NA,"Aspidosperma",NA,"brasiliense",NA,NA,NA,NA,NA,FALSE,1.1,NA,NA,NA,NA,NA,NA,NA,NA,NA
"4","Aspidosperma quirandy",4531,"Aspidosperma quirandy Hassl.",NA,"Apocynaceae","species","accepted","Aspidosperma quirandy",NA,"","¡rvore","Floresta Estacional Decidual|Floresta Estacional Semidecidual","native","Mata Atl‚ntica",4007,NA,"Grandtner synonym","ok","native","native","1","1",1,NA,NA,"anemochoric",NA,NA,NA,NA,NA,NA,"eastern_south_america","Aspidosperma quirandy",1,"Synonym","Aspidosperma australe","MÅll.Arg.","species","http://www.tropicos.org/Name/1803205","Aspidosperma australe","Aspidosperma","Apocynaceae","tropicos",NA,NA,8,NA,NA,NA,NA,NA,NA,NA,NA,8,"country_checklists","checked against Cardoso list",4531,"Aspidosperma quirandy Hassl.",NA,"Apocynaceae","Aspidosperma","quirandy",NA,"Aspidosperma quirandy","species","accepted",NA,"Aspidosperma quirandy",NA,NA,"Tree","Terricola",NA,NA,NA,"AtlanticForest","not_endemic",NA,NA,NA,NA,NA,NA,NA,NA,NA,NA,NA,NA,NA,NA,NA,NA,NA,NA,NA,NA,NA,NA,NA,NA,NA,NA,NA,NA,NA,NA,NA,NA,NA,NA,NA,NA,NA,NA,NA,NA,NA,NA,NA,NA,NA,NA,NA,NA,NA,NA,NA,NA,NA,NA,NA,NA,NA,NA,NA,NA,NA,NA,NA,NA,NA,NA,NA,NA,NA,NA,NA,"yes","AtlanticForest","endemic",NA,NA,NA,"yes","yes","TRUE","Accepted","Aspidosperma quirandy","Aspidosperma",NA,"quirandy",NA,NA,NA,"kew-17349",TRUE,"Accepted","Apocynaceae","Aspidosperma",NA,"quirandy",NA,NA,"Hassl.","kew-17349","Accepted",FALSE,1.1,"Aspidosperma quirandy",NA,NA,NA,NA,NA,NA,NA,NA
"5","Clitoria fairchildiana",29540,"Clitoria fairchildiana R.A.Howard",NA,"Fabaceae","species","accepted","Clitoria fairchildiana",NA,"","¡rvore","¡rea AntrÛpica|Cerrado (lato sensu)|Floresta Ciliar ou Galeria|Floresta de V·rzea|Floresta OmbrÛfila (= Floresta Pluvial)|Restinga","native","AmazÙnia|Caatinga|Cerrado|Mata Atl‚ntica",12149,NA,"Grandtner","ok","naturalized","native","1","1",1,1,"early_secondary","autochoric",NA,NA,NA,NA,NA,NA,"exotic","Clitoria fairchildiana",1,"Accepted","Clitoria fairchildiana","R.A. Howard","species","http://www.tropicos.org/Name/13002231","Clitoria fairchildiana","Clitoria","Fabaceae","tropicos",NA,NA,NA,NA,NA,NA,NA,NA,NA,NA,NA,NA,"from checklist 2018","revised.by.D.Cardoso.J.Iganci.H.C.Lima.T.D.Pennington.L.P.Queiroz",29540,"Clitoria fairchildiana R.A.Howard",NA,"Fabaceae","Clitoria","fairchildiana",NA,"Clitoria fairchildiana","species","accepted","correct","Clitoria fairchildiana",NA,NA,"Tree","Terricola","AL|AM|AP|BA|CE|ES|GO|MA|MG|MS|PA|PB|PE|PI|PR|RJ|RN|RO|RS|SC|SE|SP|TO","native","?ÅreaAntropica|Cerrado(latosensu)|FlorestaCiliarouGaleria|FlorestadeVarzea|FlorestaOmbrofila(=FlorestaPluvial)|Restinga","Amazonia|Caatinga|Cerrado|AtlanticForest","not_endemic",7378,"LEGUMINOSAE","Clitoria","Clitoria fairchildiana","Clitoria fairchildiana R.A.Howard",NA,"Clitfair","Tree",12,"Amazonia|AtlanticForest|Cerrado","not_endemic","+","+",NA,NA,NA,"+",NA,NA,"+",NA,NA,NA,NA,NA,NA,NA,NA,"+",NA,NA,NA,NA,NA,NA,NA,NA,NA,NA,NA,NA,NA,NA,NA,NA,NA,NA,NA,NA,NA,NA,NA,NA,NA,NA,NA,NA,NA,NA,NA,NA,NA,NA,"Brasil","PA|AP|TO|MA|PI|CE|PB|PE|AL|SE|BA|GO",NA,NA,NA,NA,NA,"Rando, J.G.; Souza, V.C. Clitoria in Lista de Esp?cies da Flora do Brasil. Jardim Bot?nico do Rio de Janeiro. Available in: <http://floradobrasil.jbrj.gov.br/jabot/floradobrasil/FB22756>. Access on: 10 Jun. 2014.","yes",NA,"not_endemic",NA,1,NA,"yes","yes","TRUE","Accepted","Clitoria fairchildiana","Clitoria",NA,"fairchildiana",NA,NA,NA,"ild-10748",TRUE,"Accepted","Fabaceae","Clitoria",NA,"fairchildiana",NA,NA,"R.A.Howard","ild-10748","Accepted",FALSE,1.1,"Clitoria fairchildiana",NA,NA,NA,NA,NA,NA,NA,NA
"6","Cochlospermum vitifolium",5747,"Cochlospermum vitifolium (Willd.) Spreng.",NA,"Bixaceae","species","accepted","Cochlospermum vitifolium",NA,"","Arbusto|¡rvore","Caatinga (stricto sensu)|Cerrado (lato sensu)|Floresta Estacional Decidual|Savana AmazÙnica","native","AmazÙnia|Caatinga|Cerrado|Mata Atl‚ntica",12665,NA,"Grandtner","ok","native","native","1","1",1,1,"pioneer","anemochoric",NA,NA,NA,NA,NA,NA,"neotropical","Cochlospermum vitifolium",1,"Accepted","Cochlospermum vitifolium","(Willd.) Spreng.","species","http://www.tropicos.org/Name/8000014","Cochlospermum vitifolium","Cochlospermum","Bixaceae","tropicos",NA,NA,12,222,17,NA,22,20,20,11,15,339,"country_checklists","checked against Cardoso list",5747,"Cochlospermum vitifolium (Willd.) Spreng.",NA,"Bixaceae","Cochlospermum","vitifolium",NA,"Cochlospermum vitifolium","species","accepted","correct","Cochlospermum vitifolium",NA,NA,"Shrub|Tree","Terricola","AL|AM|AP|BA|CE|MA|MG|PA|PB|PE|PI|RN|RO|RR|SE","native","Caatinga(strictosensu)|Cerrado(latosensu)|FlorestaEstacionalDecidual|SavanaAmaz??nica","Amazonia|Caatinga|Cerrado|AtlanticForest","not_endemic",2580,"BIXACEAE","Cochlospermum","Cochlospermum vitifolium","Cochlospermum vitifolium (Willd.) Spreng.",NA,"Cochviti","Tree",15,"Amazonia|AtlanticForest|Caatinga|Cerrado|Caribbean|NorthernAndes|SouthernAndes|MesoamericanDrylands|MesoamericanMoistForests","not_endemic","+","+",NA,NA,NA,"+",NA,NA,"+","+","+","+",NA,"+","+",NA,NA,NA,NA,NA,NA,NA,"MEX","BL","GU","ES","HO","NI","CR","PNM",NA,NA,NA,"CUB","HI",NA,NA,"LA","TT","GF","SR","GN","VNZ","CLM","ECU","PER","BOL",NA,NA,NA,NA,NA,"Brasil","RO|AM|RR|PA|AP|TO|MA|PI|CE|RN|PB|PE|AL|SE|BA|MG|MT|GO",NA,NA,NA,NA,NA,"Lleras, E. Bixaceae in Lista de Esp?cies da Flora do Brasil. Jardim Bot?nico do Rio de Janeiro. Available in: <http://floradobrasil.jbrj.gov.br/jabot/floradobrasil/FB5743>. Access on: 08 Apr. 2014.","yes","Amazonia|AtlanticForest|Caatinga|Cerrado|Caribbean|NorthernAndes|SouthernAndes|MesoamericanDrylands|MesoamericanMoistForests","not_endemic",NA,1,NA,"yes","yes","TRUE","Accepted","Cochlospermum vitifolium","Cochlospermum",NA,"vitifolium",NA,NA,NA,"kew-44555",TRUE,"Accepted","Bixaceae","Cochlospermum",NA,"vitifolium",NA,NA,"(Willd.) Spreng.","kew-44555","Accepted",FALSE,1.1,"Cochlospermum vitifolium",NA,NA,NA,NA,NA,NA,NA,NA
"7","Erythroxylum strobilaceum",29135,"Erythroxylum strobilaceum Peyr.",NA,"Erythroxylaceae","species","accepted","Erythroxylum strobilaceum",NA,"","Arbusto","Floresta Ciliar ou Galeria|VegetaÁ„o Sobre Afloramentos Rochosos","native","Cerrado|Mata Atl‚ntica",59735,NA,"TreeCo","ok","native","native","0.5","0.5",NA,NA,NA,"zoochoric",NA,"data_deficient_DD",NA,NA,NA,NA,"local_endemic",NA,NA,"Accepted",NA,NA,NA,NA,NA,NA,NA,NA,NA,NA,NA,NA,NA,NA,NA,NA,NA,NA,NA,NA,NA,NA,29135,"Erythroxylum strobilaceum Peyr.",NA,"Erythroxylaceae","Erythroxylum","strobilaceum",NA,"Erythroxylum strobilaceum","species","accepted","correct","Erythroxylum strobilaceum",NA,NA,"Shrub","Terricola|Rupicola","MG","native","FlorestaCiliarouGaleria|Vegeta????oSobreAfloramentosRochosos","Cerrado|AtlanticForest","endemic",NA,NA,NA,NA,NA,NA,NA,NA,NA,NA,NA,NA,NA,NA,NA,NA,NA,NA,NA,NA,NA,NA,NA,NA,NA,NA,NA,NA,NA,NA,NA,NA,NA,NA,NA,NA,NA,NA,NA,NA,NA,NA,NA,NA,NA,NA,NA,NA,NA,NA,NA,NA,NA,NA,NA,NA,NA,NA,NA,NA,NA,NA,NA,NA,NA,NA,NA,NA,NA,NA,NA,NA,NA,NA,NA,1,NA,"yes","yes","TRUE","Accepted","Erythroxylum strobilaceum","Erythroxylum",NA,"strobilaceum",NA,NA,NA,"kew-2801683",TRUE,"Accepted","Erythroxylaceae","Erythroxylum",NA,"strobilaceum",NA,NA,"Peyr.","kew-2801683","Accepted",FALSE,1.1,"Erythroxylum strobilaceum",NA,NA,NA,NA,NA,NA,NA,NA
"8","Ficus pakkensis",10175,"Ficus pakkensis Standl.",NA,"Moraceae","species","accepted","Ficus pakkensis","LC","","¡rvore","Floresta de Terra Firme|Floresta OmbrÛfila (= Floresta Pluvial)|Restinga|Savana AmazÙnica|VegetaÁ„o Sobre Afloramentos Rochosos","native","AmazÙnia|Mata Atl‚ntica",21223,NA,"Grandtner","ok","native","native","1","1",1,1,NA,"zoochoric","least_concern_LC_reflora","data_deficient_DD",NA,"vulnerable_VU","B1+2bc",1998,"south_american","Ficus pakkensis",1,"Accepted","Ficus pakkensis","Standl.","species","http://www.tropicos.org/Name/21301485","Ficus pakkensis","Ficus","Moraceae","tropicos",NA,NA,NA,33,NA,NA,NA,NA,NA,NA,NA,33,"country_checklists","revised.by.A.F.P.Machado",10175,"Ficus pakkensis Standl.",NA,"Moraceae","Ficus","pakkensis",NA,"Ficus pakkensis","species","accepted","correct","Ficus pakkensis","LC",NA,"Tree","Terricola|Hemiepifita","AM|AP|BA|MA|PA|PI","native","FlorestadeTerraFirme|FlorestaOmbrofila(=FlorestaPluvial)|Restinga|SavanaAmaz??nica|Vegeta????oSobreAfloramentosRochosos","Amazonia|AtlanticForest","not_endemic",11175,"MORACEAE","Ficus","Ficus pakkensis","Ficus pakkensis Standl.",NA,"Ficupakk","Tree",25,"Amazonia|AtlanticForest|Cerrado","not_endemic","+","+",NA,NA,NA,"+",NA,NA,"+",NA,"+","+",NA,NA,NA,NA,NA,NA,NA,NA,NA,NA,NA,NA,NA,NA,NA,NA,NA,NA,NA,NA,NA,NA,NA,NA,NA,NA,NA,"GF","SR","GN","VNZ",NA,NA,NA,NA,NA,NA,NA,NA,NA,"Brasil","AM|RR|PA|AP|TO|MA|PI|CE|BA|MT|GO",NA,NA,NA,NA,NA,"Romaniuc Neto, S.; Carauta, J.P.P.; Vianna Filho, M.D.M.; Pereira, R.A.S.; Ribeiro, J.E.L. da S.; Machado, A.F.P.; Santos, A. dos; Pelissari, G.; Pederneiras, L.C. Moraceae in Lista de Esp?cies da Flora do Brasil. Jardim Bot?nico do Rio de Janeiro. Availa","yes",NA,"not_endemic",NA,1,NA,"yes","no","TRUE","Accepted","Ficus pakkensis","Ficus",NA,"pakkensis",NA,NA,NA,"kew-2811611",TRUE,"Accepted","Moraceae","Ficus",NA,"pakkensis",NA,NA,"Standl.","kew-2811611","Accepted",FALSE,1.1,"Ficus pakkensis",NA,NA,NA,NA,NA,NA,NA,NA
"9","Handroanthus selachidentatus",117462,"Handroanthus selachidentatus (A.H.Gentry) S.Grose",NA,"Bignoniaceae","species","accepted","Handroanthus selachidentatus","NT","","¡rvore","Carrasco","native","Mata Atl‚ntica",24256,NA,"Grandtner","ok","native","native","1","1",1,1,NA,"anemochoric","near_threatened_NT_reflora","critically_endangered_CR","B1ab(iii)",NA,NA,NA,"regional_endemic","Handroanthus selachidentatus",1,"Accepted","Handroanthus selachidentatus","(A.H. Gentry) S. O. Grose","species","http://www.tropicos.org/Name/50314217","Handroanthus selachidentatus","Handroanthus","Bignoniaceae","tropicos",NA,NA,NA,20,4,NA,2,1,7,NA,6,40,"country_checklists",NA,117462,"Handroanthus selachidentatus (A.H.Gentry) S.Grose",NA,"Bignoniaceae","Handroanthus","selachidentatus",NA,"Handroanthus selachidentatus","species","accepted","correct","Handroanthus selachidentatus","NT",NA,"Tree","Terricola","BA|ES","native","Carrasco","AtlanticForest","endemic",2497,"BIGNONIACEAE","Handroanthus","Handroanthus selachidentatus","Handroanthus selachidentatus (A.H.Gentry) S.O.Grose",NA,"Handsela","Tree",5,"Amazonia|AtlanticForest|Caatinga|Cerrado|Chaco","not_endemic","+","+",NA,NA,NA,"+",NA,NA,"+","+",NA,NA,NA,NA,"+",NA,NA,NA,NA,NA,NA,NA,NA,NA,NA,NA,NA,NA,NA,NA,NA,NA,NA,NA,NA,NA,NA,NA,NA,NA,NA,NA,NA,NA,NA,NA,"BOL",NA,NA,NA,NA,NA,"Brasil","PE|BA|MG|ES|MS",NA,NA,NA,NA,NA,"Lohmann, L.G. Bignoniaceae in Lista de Esp?cies da Flora do Brasil. Jardim Bot?nico do Rio de Janeiro. Available in: <http://floradobrasil.jbrj.gov.br/jabot/floradobrasil/FB112332>. Access on: 08 Apr. 2014.","yes","AtlanticForest|Caatinga","not_endemic",NA,1,NA,"yes","yes","TRUE","Accepted","Handroanthus selachidentatus","Handroanthus",NA,"selachidentatus",NA,NA,NA,"kew-347069",TRUE,"Accepted","Bignoniaceae","Handroanthus",NA,"selachidentatus",NA,NA,"(A.H.Gentry) S.O.Grose","kew-347069","Accepted",FALSE,1.1,"Handroanthus selachidentatus",NA,NA,NA,NA,NA,NA,NA,NA
"10","Handroanthus spongiosus",117471,"Handroanthus spongiosus (Rizzini) S.Grose",NA,"Bignoniaceae","species","accepted","Handroanthus spongiosus","EN","","¡rvore","Caatinga (stricto sensu)","native","Caatinga|Cerrado|Mata Atl‚ntica",24258,NA,"Grandtner","ok","native","native","1","1",1,1,NA,"anemochoric","endangered_EN_reflora","vulnerable_VU","B1ab(iii)",NA,NA,NA,"eastern_south_america","Handroanthus spongiosus",1,"Accepted","Handroanthus spongiosus","(Rizzini) S. O. Grose","species","http://www.tropicos.org/Name/50314220","Handroanthus spongiosus","Handroanthus","Bignoniaceae","tropicos",NA,NA,NA,NA,NA,NA,NA,NA,NA,NA,NA,NA,NA,NA,117471,"Handroanthus spongiosus (Rizzini) S.Grose",NA,"Bignoniaceae","Handroanthus","spongiosus",NA,"Handroanthus spongiosus","species","accepted","correct","Handroanthus spongiosus","EN",NA,"Tree","Terricola","AL|BA|PB|PE|PI|SE","native","Caatinga(strictosensu)","Caatinga|Cerrado|AtlanticForest","endemic",2499,"BIGNONIACEAE","Handroanthus","Handroanthus spongiosus","Handroanthus spongiosus (Rizzini) S.O.Grose",NA,"Handspon","Tree",8,"Caatinga|Cerrado","no","+","+",NA,NA,NA,NA,NA,NA,NA,"+",NA,NA,NA,NA,"+",NA,NA,NA,NA,NA,NA,NA,NA,NA,NA,NA,NA,NA,NA,NA,NA,NA,NA,NA,NA,NA,NA,NA,NA,NA,NA,NA,NA,NA,NA,NA,NA,NA,NA,NA,NA,NA,"Brasil","PI|CE|PB|PE|AL|SE|BA|MG",NA,NA,NA,NA,NA,"Lohmann, L.G. Bignoniaceae in Lista de Esp?cies da Flora do Brasil. Jardim Bot?nico do Rio de Janeiro. Available in: <http://floradobrasil.jbrj.gov.br/jabot/floradobrasil/FB112332>. Access on: 08 Apr. 2014.","yes","AtlanticForest|Caatinga|Cerrado","not_endemic",NA,1,NA,"yes","yes","TRUE","Accepted","Handroanthus spongiosus","Handroanthus",NA,"spongiosus",NA,NA,NA,"kew-347071",TRUE,"Accepted","Bignoniaceae","Handroanthus",NA,"spongiosus",NA,NA,"(Rizzini) S.O.Grose","kew-347071","Accepted",FALSE,1.1,"Handroanthus spongiosus",NA,NA,NA,NA,NA,NA,NA,NA
"11","Ilex cognata",4886,"Ilex cognata Reissek",NA,"Aquifoliaceae","species","accepted","Ilex cognata",NA,"","¡rvore","Floresta OmbrÛfila (= Floresta Pluvial)","native","Mata Atl‚ntica",56960,NA,"FloraBrasil","ok","native","native","1","1",NA,NA,NA,"zoochoric",NA,NA,NA,NA,NA,NA,"local_endemic",NA,NA,"Accepted",NA,NA,NA,NA,NA,NA,NA,NA,NA,NA,NA,NA,NA,NA,NA,NA,NA,NA,NA,NA,NA,NA,4886,"Ilex cognata Reissek",NA,"Aquifoliaceae","Ilex","cognata",NA,"Ilex cognata","species","accepted","correct","Ilex cognata",NA,NA,"Tree","Terricola","RJ","native","FlorestaOmbrofila(=FlorestaPluvial)","AtlanticForest","endemic",NA,NA,NA,NA,NA,NA,NA,NA,NA,NA,NA,NA,NA,NA,NA,NA,NA,NA,NA,NA,NA,NA,NA,NA,NA,NA,NA,NA,NA,NA,NA,NA,NA,NA,NA,NA,NA,NA,NA,NA,NA,NA,NA,NA,NA,NA,NA,NA,NA,NA,NA,NA,NA,NA,NA,NA,NA,NA,NA,NA,NA,NA,NA,NA,NA,NA,NA,NA,NA,NA,NA,NA,NA,NA,NA,1,NA,"yes","no","TRUE","Unresolved","Ilex cognata","Ilex",NA,"cognata",NA,NA,NA,"kew-2860558",TRUE,"Unresolved","Aquifoliaceae","Ilex",NA,"cognata",NA,NA,"Reissek","kew-2860558","Unresolved",FALSE,1.1,"Ilex cognata",NA,NA,NA,NA,NA,NA,NA,NA
"12","Luetzelburgia purpurea",101464,"Luetzelburgia purpurea D.B.O.S.Cardoso, L.P.Queiroz & H.C.Lima",NA,"Fabaceae","species","accepted","Luetzelburgia purpurea",NA,"","¡rvore","Caatinga (stricto sensu)|Floresta Estacional Decidual","native","Caatinga|Mata Atl‚ntica",57035,NA,"FloraBrasil","ok",NA,"native","1","1",NA,1,NA,NA,NA,NA,NA,NA,NA,NA,NA,NA,NA,"Accepted","Luetzelburgia purpurea",NA,NA,NA,NA,NA,NA,"extra_species_from_Hans_list",NA,NA,NA,NA,NA,NA,NA,NA,NA,NA,NA,NA,"NeoTropTree",NA,101464,"Luetzelburgia purpurea D.B.O.S.Cardoso, L.P.Queiroz & H.C.Lima",NA,"Fabaceae","Luetzelburgia","purpurea",NA,"Luetzelburgia purpurea","species","accepted","correct","Luetzelburgia purpurea",NA,NA,"Tree","Terricola","BA","native","Caatinga(strictosensu)|FlorestaEstacionalDecidual","Caatinga|AtlanticForest","endemic",8082,"LEGUMINOSAE","Luetzelburgia","Luetzelburgia purpurea","Luetzelburgia purpurea D.Cardoso, L.P.Queiroz & H.C.Lima",NA,"Luetspnv","Tree",20,"Caatinga","endemic","+","+",NA,NA,NA,NA,NA,NA,NA,"+",NA,NA,NA,NA,"+",NA,NA,NA,NA,NA,NA,NA,NA,NA,NA,NA,NA,NA,NA,NA,NA,NA,NA,NA,NA,NA,NA,NA,NA,NA,NA,NA,NA,NA,NA,NA,NA,NA,NA,NA,NA,NA,"Brasil","BA",NA,NA,NA,NA,NA,"Cardoso, D.B.O.S. Luetzelburgia in Lista de Esp?cies da Flora do Brasil. Jardim Bot?nico do Rio de Janeiro. Available in: <http://floradobrasil.jbrj.gov.br/jabot/floradobrasil/FB22756>. Access on: 10 Jun. 2014.","yes","AtlanticForest|Caatinga","not_endemic",NA,1,NA,"yes","yes",NA,"Unresolved","Luetzelburgia purpurea","Luetzelburgia",NA,"purpurea",NA,NA,NA,"kew-2607773",TRUE,"Unresolved","Fabaceae","Luetzelburgia",NA,"purpurea",NA,NA,"D.B.O.S.Cardoso, L.P.Queiroz & H.C.Lima","kew-2607773","Unresolved",FALSE,1.1,"Luetzelburgia purpurea",NA,NA,NA,NA,NA,NA,NA,NA
"13","Machaerium aculeatum",29758,"Machaerium aculeatum Raddi",NA,"Fabaceae","species","accepted","Machaerium aculeatum",NA,"","Liana/vol˙vel/trepadeira","Cerrado (lato sensu)|Floresta Ciliar ou Galeria|Floresta Estacional Semidecidual|Floresta OmbrÛfila (= Floresta Pluvial)","native","Cerrado|Mata Atl‚ntica|Pantanal",29801,NA,"Grandtner synonym","ok","native","native","0","0",1,NA,"early_secondary","anemochoric",NA,NA,NA,NA,NA,NA,"eastern_south_america","Machaerium aculeatum",1,"Accepted","Machaerium aculeatum","Raddi","species","http://www.tropicos.org/Name/13035290","Machaerium aculeatum","Machaerium","Fabaceae","tropicos",NA,NA,4,7,NA,NA,NA,NA,NA,1,NA,12,"country_checklists","checked against Cardoso list",29758,"Machaerium aculeatum Raddi",NA,"Fabaceae","Machaerium","aculeatum",NA,"Machaerium aculeatum","species","accepted","correct","Machaerium aculeatum",NA,NA,"Liana/voluvel/climber","Terricola","AL|BA|DF|ES|GO|MG|MS|PE|RJ|SE","native","Cerrado(latosensu)|FlorestaCiliarouGaleria|FlorestaEstacionalSemidecidual|FlorestaOmbrofila(=FlorestaPluvial)","Cerrado|AtlanticForest|Pantanal","endemic",NA,NA,NA,NA,NA,NA,NA,NA,NA,NA,NA,NA,NA,NA,NA,NA,NA,NA,NA,NA,NA,NA,NA,NA,NA,NA,NA,NA,NA,NA,NA,NA,NA,NA,NA,NA,NA,NA,NA,NA,NA,NA,NA,NA,NA,NA,NA,NA,NA,NA,NA,NA,NA,NA,NA,NA,NA,NA,NA,NA,NA,NA,NA,NA,NA,NA,NA,NA,NA,NA,NA,"yes","Amazonia|AtlanticForest|Cerrado|Pantanal","not_endemic",NA,1,NA,"yes","yes","TRUE","Accepted","Machaerium aculeatum","Machaerium",NA,"aculeatum",NA,NA,NA,"ild-30258",TRUE,"Accepted","Fabaceae","Machaerium",NA,"aculeatum",NA,NA,"Raddi","ild-30258","Accepted",FALSE,1.1,"Machaerium aculeatum",NA,NA,NA,NA,NA,NA,NA,NA
"14","Machaerium debile",122013,"Machaerium debile (Vell.) Stellfeld",NA,"Fabaceae","species","accepted","Machaerium debile",NA,"","Liana/vol˙vel/trepadeira","Floresta Estacional Semidecidual|Floresta OmbrÛfila (= Floresta Pluvial)","native","Mata Atl‚ntica",59776,NA,"TreeCo","ok","native","native","0","0",NA,NA,"early_secondary","anemochoric",NA,NA,NA,NA,NA,NA,"regional_endemic",NA,NA,"Accepted",NA,NA,NA,NA,NA,NA,NA,NA,NA,NA,NA,NA,NA,NA,NA,NA,NA,NA,NA,NA,NA,NA,122013,"Machaerium debile (Vell.) Stellfeld",NA,"Fabaceae","Machaerium","debile",NA,"Machaerium debile","species","accepted","correct","Machaerium debile",NA,NA,"Liana/voluvel/climber","Terricola","MG|PR|RJ|SC|SP","native","FlorestaEstacionalSemidecidual|FlorestaOmbrofila(=FlorestaPluvial)","AtlanticForest","endemic",NA,NA,NA,NA,NA,NA,NA,NA,NA,NA,NA,NA,NA,NA,NA,NA,NA,NA,NA,NA,NA,NA,NA,NA,NA,NA,NA,NA,NA,NA,NA,NA,NA,NA,NA,NA,NA,NA,NA,NA,NA,NA,NA,NA,NA,NA,NA,NA,NA,NA,NA,NA,NA,NA,NA,NA,NA,NA,NA,NA,NA,NA,NA,NA,NA,NA,NA,NA,NA,NA,NA,NA,NA,NA,NA,1,NA,"yes","yes","TRUE","Accepted","Machaerium debile","Machaerium",NA,"debile",NA,NA,NA,"ild-15615",TRUE,"Accepted","Fabaceae","Machaerium",NA,"debile",NA,NA,"(Vell.) Stellfeld","ild-15615","Accepted",FALSE,1.1,"Machaerium debile",NA,NA,NA,NA,NA,NA,NA,NA
"15","Machaerium lanceolatum",29771,"Machaerium lanceolatum (Vell.) J.F.Macbr.",NA,"Fabaceae","species","accepted","Machaerium lanceolatum",NA,"","Liana/vol˙vel/trepadeira","Floresta Ciliar ou Galeria|Floresta Estacional Decidual|Floresta OmbrÛfila (= Floresta Pluvial)|Restinga","native","Cerrado|Mata Atl‚ntica",29885,NA,"Oliveira","ok","native","native","0","0",1,NA,"early_secondary","anemochoric",NA,NA,NA,NA,NA,NA,"south_american","Machaerium lanceolatum",1,"Accepted","Machaerium lanceolatum","(Vell.) J.F. Macbr.","species","http://www.tropicos.org/Name/13014827","Machaerium lanceolatum","Machaerium","Fabaceae","tropicos",NA,NA,NA,1,NA,NA,NA,NA,NA,NA,NA,1,"country_checklists",NA,29771,"Machaerium lanceolatum (Vell.) J.F.Macbr.",NA,"Fabaceae","Machaerium","lanceolatum",NA,"Machaerium lanceolatum","species","accepted","correct","Machaerium lanceolatum",NA,NA,"Liana/voluvel/climber","Terricola","BA|DF|ES|GO|MG|PE|PR|RJ|SP","native","FlorestaCiliarouGaleria|FlorestaEstacionalDecidual|FlorestaOmbrofila(=FlorestaPluvial)|Restinga","Cerrado|AtlanticForest","not_endemic",NA,NA,NA,NA,NA,NA,NA,NA,NA,NA,NA,NA,NA,NA,NA,NA,NA,NA,NA,NA,NA,NA,NA,NA,NA,NA,NA,NA,NA,NA,NA,NA,NA,NA,NA,NA,NA,NA,NA,NA,NA,NA,NA,NA,NA,NA,NA,NA,NA,NA,NA,NA,NA,NA,NA,NA,NA,NA,NA,NA,NA,NA,NA,NA,NA,NA,NA,NA,NA,NA,NA,"yes","AtlanticForest|Cerrado","not_endemic",NA,1,NA,"yes","yes","TRUE","Accepted","Machaerium lanceolatum","Machaerium",NA,"lanceolatum",NA,NA,NA,"ild-33202",TRUE,"Accepted","Fabaceae","Machaerium",NA,"lanceolatum",NA,NA,"(Vell.) J.F.Macbr.","ild-33202","Accepted",FALSE,1.1,"Machaerium lanceolatum",NA,NA,NA,NA,NA,NA,NA,NA
"16","Mezilaurus synandra",84306,"Mezilaurus synandra (Mez) Kosterm.",NA,"Lauraceae","species","accepted","Mezilaurus synandra",NA,"","¡rvore","¡rea AntrÛpica|Campinarana|Carrasco|Cerrado (lato sensu)|Floresta Ciliar ou Galeria|Floresta de Terra Firme|Floresta de V·rzea","native","AmazÙnia|Cerrado|Mata Atl‚ntica",32001,NA,"Grandtner","ok","native","native","1","1",1,1,NA,"zoochoric",NA,NA,NA,NA,NA,NA,"eastern_south_america","Mezilaurus synandra",1,"Accepted","Mezilaurus synandra","(Mez) Kosterm.","species","http://www.tropicos.org/Name/17802467","Mezilaurus synandra","Mezilaurus","Lauraceae","tropicos",NA,NA,NA,47,NA,NA,NA,NA,1,NA,NA,48,"country_checklists","revised.by.P.L.R.Moraes.H.vanderWerf",84306,"Mezilaurus synandra (Mez) Kosterm.",NA,"Lauraceae","Mezilaurus","synandra",NA,"Mezilaurus synandra","species","accepted","correct","Mezilaurus synandra",NA,NA,"Tree","Terricola","AM|BA|TO","native","?ÅreaAntropica|Campinarana|Carrasco|Cerrado(latosensu)|FlorestaCiliarouGaleria|FlorestadeTerraFirme|FlorestadeVarzea","Amazonia|Cerrado|AtlanticForest","not_endemic",6217,"LAURACEAE","Mezilaurus","Mezilaurus synandra","Mezilaurus synandra (Mez) Kosterm.",NA,"Mezisyna","Tree",15,"Amazonia|AtlanticForest|Cerrado","not_endemic","+","+",NA,NA,NA,"+",NA,NA,"+",NA,"+",NA,"+",NA,NA,NA,NA,NA,NA,NA,NA,NA,NA,NA,NA,NA,NA,NA,NA,NA,NA,NA,NA,NA,NA,NA,NA,NA,NA,NA,NA,NA,NA,NA,NA,"PER",NA,NA,NA,NA,NA,NA,"Brasil","RO|AM|PA|TO|BA|MT",NA,NA,NA,NA,NA,"Quinet, A.; Baitello, J.B.; Moraes, P.L.R. de; Alves, F.M.; Assis, L. Lauraceae in Lista de Esp?cies da Flora do Brasil. Jardim Bot?nico do Rio de Janeiro. Available in: <http://floradobrasil.jbrj.gov.br/jabot/floradobrasil/FB8378>. Access on: 17 Apr. 201","yes","Amazonia|AtlanticForest|Cerrado","not_endemic",NA,1,NA,"yes","yes","TRUE","Accepted","Mezilaurus synandra","Mezilaurus",NA,"synandra",NA,NA,NA,"tro-17802467",TRUE,"Accepted","Lauraceae","Mezilaurus",NA,"synandra",NA,NA,"(Mez) Kosterm.","tro-17802467","Accepted",FALSE,1.1,"Mezilaurus synandra",NA,NA,NA,NA,NA,NA,NA,NA
"17","Mimosa caesalpiniifolia",18776,"Mimosa caesalpiniifolia Benth.",NA,"Fabaceae","species","accepted","Mimosa caesalpiniifolia","LC","","Arbusto|¡rvore","Caatinga (stricto sensu)|Cerrado (lato sensu)|Floresta OmbrÛfila (= Floresta Pluvial)","native","AmazÙnia|Caatinga|Cerrado|Mata Atl‚ntica",32936,NA,"Grandtner","ok","naturalized","native","1","1",1,1,"pioneer","anemochoric|autochoric","least_concern_LC_reflora",NA,NA,"vulnerable_VU","B1+2c",1998,"exotic","Mimosa caesalpiniifolia",1,"Accepted","Mimosa caesalpiniifolia","Benth.","species","http://www.tropicos.org/Name/13036178","Mimosa caesalpiniifolia","Mimosa","Fabaceae","tropicos",NA,NA,NA,NA,NA,NA,NA,NA,NA,NA,NA,NA,"liana","checked against Cardoso list",18776,"Mimosa caesalpiniifolia Benth.",NA,"Fabaceae","Mimosa","caesalpiniifolia",NA,"Mimosa caesalpiniifolia","species","accepted","correct","Mimosa caesalpiniifolia","LC",NA,"Shrub|Tree","Terricola","AL|AM|BA|CE|DF|ES|GO|MA|MG|MS|PA|PB|PE|PI|PR|RJ|RN|RO|SC|SP","native","Caatinga(strictosensu)|Cerrado(latosensu)|FlorestaOmbrofila(=FlorestaPluvial)","Amazonia|Caatinga|Cerrado|AtlanticForest","not_endemic",8240,"LEGUMINOSAE","Mimosa","Mimosa caesalpiniifolia","Mimosa caesalpiniifolia Benth.",NA,"Mimocaes","Tree or shrub",8,"AtlanticForest|Caatinga|Cerrado","not_endemic","+",NA,NA,NA,NA,NA,NA,NA,"+","+",NA,"+",NA,NA,"+",NA,NA,NA,NA,NA,NA,NA,NA,NA,NA,NA,NA,NA,NA,NA,NA,NA,NA,NA,NA,NA,NA,NA,NA,NA,NA,NA,NA,NA,NA,NA,NA,NA,NA,NA,NA,NA,"Brasil","MA|PI|CE|RN|PB|PE|AL|SE",NA,NA,NA,NA,NA,"Dutra, V.F.; Morim, M.P. Mimosa in Lista de Esp?cies da Flora do Brasil. Jardim Bot?nico do Rio de Janeiro. Available in: <http://floradobrasil.jbrj.gov.br/jabot/floradobrasil/FB22756>. Access on: 10 Jun. 2014.","yes","Amazonia|AtlanticForest|Caatinga|Cerrado","not_endemic",NA,1,NA,"yes","yes","TRUE","Accepted","Mimosa caesalpiniifolia","Mimosa",NA,"caesalpiniifolia",NA,NA,NA,"ild-676",TRUE,"Accepted","Fabaceae","Mimosa",NA,"caesalpiniifolia",NA,NA,"Benth.","ild-676","Accepted",FALSE,1.1,"Mimosa caesalpiniifolia",NA,NA,NA,NA,NA,NA,NA,NA
"18","Ocotea grandifructa",128981,"Ocotea grandifructa L.C.S.Assis & M.F.Santos",NA,"Lauraceae","species","accepted","Ocotea grandifructa",NA,"","¡rvore","Floresta Estacional Semidecidual","native","Mata Atl‚ntica",57318,NA,"FloraBrasil","ok",NA,"native","1","1",NA,1,NA,NA,NA,NA,NA,NA,NA,NA,NA,NA,NA,"Accepted","Ocotea grandifructa",NA,NA,NA,NA,NA,NA,"extra_species_from_Hans_list",NA,NA,NA,NA,NA,NA,NA,NA,NA,NA,NA,NA,"NeoTropTree",NA,128981,"Ocotea grandifructa L.C.S. Assis e M.F. Santos",NA,"Lauraceae","Ocotea","grandifructa",NA,"Ocotea grandifructa","species","accepted","correct","Ocotea grandifructa",NA,NA,"Tree","Terricola","MG","native","FlorestaEstacionalSemidecidual","AtlanticForest","endemic",6420,"LAURACEAE","Ocotea","Ocotea grandifructa","Ocotea grandifructa L.C.S.Assis & M.F.Santos",NA,"Ocotgrfr","Tree",15,"AtlanticForest","endemic",NA,"+",NA,NA,NA,NA,NA,NA,"+",NA,NA,NA,NA,NA,NA,NA,NA,NA,NA,NA,NA,NA,NA,NA,NA,NA,NA,NA,NA,NA,NA,NA,NA,NA,NA,NA,NA,NA,NA,NA,NA,NA,NA,NA,NA,NA,NA,NA,NA,NA,NA,NA,"Brasil","MG",NA,NA,NA,NA,NA,"Quinet, A.; Baitello, J.B.; Moraes, P.L.R. de; Alves, F.M.; Assis, L. Lauraceae in Lista de Esp?cies da Flora do Brasil. Jardim Bot?nico do Rio de Janeiro. Available in: <http://floradobrasil.jbrj.gov.br/jabot/floradobrasil/FB8378>. Access on: 17 Apr. 201","yes","AtlanticForest","endemic",NA,1,NA,"yes","no",NA,"not_found","Ocotea grandifructa","Ocotea",NA,"grandifructa",NA,NA,NA,NA,FALSE,NA,NA,"Ocotea",NA,"grandifructa",NA,NA,NA,NA,NA,FALSE,1.1,NA,NA,NA,NA,NA,NA,NA,NA,NA
"19","Persea punctata",8520,"Persea punctata Meisn.",NA,"Lauraceae","species","accepted","Persea punctata","DD","","¡rvore","Cerrado (lato sensu)|Floresta Estacional Semidecidual|Floresta OmbrÛfila (= Floresta Pluvial)","native","Cerrado|Mata Atl‚ntica",39215,NA,"Grandtner","ok","native","native","1","1",1,0.5,NA,"zoochoric","critically_endangered_CR","endangered_EN","A1c",NA,NA,NA,"regional_endemic","Persea punctata",1,"Accepted","Persea punctata","Meisn.","species","http://www.tropicos.org/Name/17801371","Persea punctata","Persea","Lauraceae","tropicos",NA,NA,NA,NA,NA,NA,NA,NA,1,NA,NA,1,"country_checklists",NA,8520,"Persea punctata Meisn.",NA,"Lauraceae","Persea","punctata",NA,"Persea punctata","species","accepted","correct","Persea punctata","DD",NA,"Tree","Terricola","SP","native","Cerrado(latosensu)|FlorestaEstacionalSemidecidual|FlorestaOmbrofila(=FlorestaPluvial)","Cerrado|AtlanticForest","not_endemic",6648,"LAURACEAE","Persea","Persea punctata","Persea punctata Meisn.",NA,"Perspunc","Tree or shrub",4,"AtlanticForest|Cerrado","not_endemic",NA,"+","+",NA,NA,"+",NA,"+","+",NA,NA,NA,NA,NA,NA,NA,NA,NA,NA,NA,NA,NA,NA,NA,NA,NA,NA,NA,NA,NA,NA,NA,NA,NA,NA,NA,NA,NA,NA,NA,NA,NA,NA,NA,NA,NA,NA,"PAY",NA,NA,NA,NA,"Brasil","SP|PR|MS",NA,NA,NA,NA,NA,"Quinet, A.; Baitello, J.B.; Moraes, P.L.R. de; Alves, F.M.; Assis, L. Lauraceae in Lista de Esp?cies da Flora do Brasil. Jardim Bot?nico do Rio de Janeiro. Available in: <http://floradobrasil.jbrj.gov.br/jabot/floradobrasil/FB8378>. Access on: 17 Apr. 201","yes","AtlanticForest|Cerrado","not_endemic",NA,1,NA,"yes","yes","TRUE","Accepted","Persea punctata","Persea",NA,"punctata",NA,NA,NA,"tro-17801371",TRUE,"Accepted","Lauraceae","Persea",NA,"punctata",NA,NA,"Meisn.","tro-17801371","Accepted",FALSE,1.1,"Persea punctata",NA,NA,NA,NA,NA,NA,NA,NA
"20","Piper pauciramosum",12826,"Piper pauciramosum Yunck.",NA,"Piperaceae","species","accepted","Piper pauciramosum",NA,"","Arbusto","Floresta OmbrÛfila (= Floresta Pluvial)","native","AmazÙnia|Mata Atl‚ntica",59832,NA,"TreeCo","ok","native","native","0.5","0.5",NA,NA,NA,"zoochoric",NA,NA,NA,NA,NA,NA,NA,NA,NA,"Accepted",NA,NA,NA,NA,NA,NA,NA,NA,NA,NA,NA,NA,NA,NA,NA,NA,NA,NA,NA,NA,NA,NA,12826,"Piper pauciramosum Yunck.",NA,"Piperaceae","Piper","pauciramosum",NA,"Piper pauciramosum","species","accepted","correct","Piper pauciramosum",NA,NA,"Shrub","Terricola","MG|PA","native","FlorestaOmbrofila(=FlorestaPluvial)","Amazonia|AtlanticForest","endemic",NA,NA,NA,NA,NA,NA,NA,NA,NA,NA,NA,NA,NA,NA,NA,NA,NA,NA,NA,NA,NA,NA,NA,NA,NA,NA,NA,NA,NA,NA,NA,NA,NA,NA,NA,NA,NA,NA,NA,NA,NA,NA,NA,NA,NA,NA,NA,NA,NA,NA,NA,NA,NA,NA,NA,NA,NA,NA,NA,NA,NA,NA,NA,NA,NA,NA,NA,NA,NA,NA,NA,NA,NA,NA,NA,1,NA,"yes","no","TRUE","Accepted","Piper pauciramosum","Piper",NA,"pauciramosum",NA,NA,NA,"tro-50173574",TRUE,"Accepted","Piperaceae","Piper",NA,"pauciramosum",NA,NA,"Yunck.","tro-50173574","Accepted",FALSE,1.1,"Piper pauciramosum",NA,NA,NA,NA,NA,NA,NA,NA
"21","Piptadenia killipii",18949,"Piptadenia killipii J.F.Macbr.",NA,"Fabaceae","species","accepted","Piptadenia killipii",NA,"",NA,NA,"native","Mata Atl‚ntica",40877,NA,"new","ok","native","native","0.5","check",1,NA,NA,NA,NA,NA,NA,NA,NA,NA,"south_american","Piptadenia killipii",1,"Accepted","Piptadenia killipii","J.F. Macbr.","species","http://www.tropicos.org/Name/13012473","Piptadenia killipii",NA,"Fabaceae","tropicos",NA,NA,NA,NA,NA,NA,NA,NA,2,NA,NA,2,"country_checklists","revised.by.D.Cardoso.J.Iganci.H.C.Lima.T.D.Pennington.L.P.Queiroz",18949,"Piptadenia killipii J.F.Macbr.",NA,"Fabaceae","Piptadenia","killipii",NA,"Piptadenia killipii","species","accepted","correct","Piptadenia killipii",NA,NA,"check",NA,"BA","native",NA,NA,"not_endemic",NA,NA,NA,NA,NA,NA,NA,NA,NA,NA,NA,NA,NA,NA,NA,NA,NA,NA,NA,NA,NA,NA,NA,NA,NA,NA,NA,NA,NA,NA,NA,NA,NA,NA,NA,NA,NA,NA,NA,NA,NA,NA,NA,NA,NA,NA,NA,NA,NA,NA,NA,NA,NA,NA,NA,NA,NA,NA,NA,NA,NA,NA,NA,NA,NA,NA,NA,NA,NA,NA,NA,"yes","AtlanticForest","endemic",NA,1,NA,"yes","no","TRUE","Accepted","Piptadenia killipii","Piptadenia",NA,"killipii",NA,NA,NA,"ild-14718",TRUE,"Accepted","Fabaceae","Piptadenia",NA,"killipii",NA,NA,"J.F.Macbr.","ild-14718","Accepted",FALSE,1.1,"Piptadenia killipii",NA,NA,NA,NA,NA,NA,NA,NA
"22","Piranhea securinega",38586,"Piranhea securinega Radcl.-Sm. & Ratter",NA,"Picrodendraceae","species","accepted","Piranhea securinega",NA,"","¡rvore","Caatinga (stricto sensu)|Floresta OmbrÛfila (= Floresta Pluvial)","native","Caatinga|Mata Atl‚ntica",41029,NA,"Grandtner","ok","native","native","1","1",1,1,NA,NA,NA,NA,NA,NA,NA,NA,"regional_endemic","Piranhea securinega",1,"Accepted","Piranhea securinega","Radcl.-Sm. & J.A. Ratter","species","http://www.tropicos.org/Name/50170280","Piranhea securinega","Piranhea","Picrodendraceae","tropicos",NA,NA,0,1,0,0,0,0,0,0,0,0,"Oliveira","H > 4m",38586,"Piranhea securinega Radcl.-Sm. & Ratter",NA,"Picrodendraceae","Piranhea","securinega",NA,"Piranhea securinega","species","accepted","correct","Piranhea securinega",NA,NA,"Tree","Terricola","BA|MG","native","Caatinga(strictosensu)|FlorestaOmbrofila(=FlorestaPluvial)","Caatinga|AtlanticForest","endemic",13141,"PICRODENDRACEAE","Piranhea","Piranhea securinega","Piranhea securinega Radcl.-Sm. & Ratter",NA,"Pirasecu","Tree",20,"AtlanticForest|Caatinga|Cerrado","no",NA,"+",NA,NA,NA,NA,NA,NA,NA,"+",NA,NA,NA,NA,NA,NA,NA,NA,NA,NA,NA,NA,NA,NA,NA,NA,NA,NA,NA,NA,NA,NA,NA,NA,NA,NA,NA,NA,NA,NA,NA,NA,NA,NA,NA,NA,NA,NA,NA,NA,NA,NA,"Brasil","TO|BA|MG|GO|DF",NA,NA,NA,NA,NA,"Secco, R.; Cordeiro, I. Picrodendraceae in Lista de Esp?cies da Flora do Brasil. Jardim Bot?nico do Rio de Janeiro. Available in: <http://floradobrasil.jbrj.gov.br/jabot/floradobrasil/FB116978>. Access on: 31 Jul. 2014.","yes","AtlanticForest|Caatinga|Cerrado","not_endemic",NA,1,NA,"yes","yes","TRUE","Accepted","Piranhea securinega","Piranhea",NA,"securinega",NA,NA,NA,"kew-156647",TRUE,"Accepted","Picrodendraceae","Piranhea",NA,"securinega",NA,NA,"Radcl.-Sm. & Ratter","kew-156647","Accepted",FALSE,1.1,"Piranhea securinega",NA,NA,NA,NA,NA,NA,NA,NA
"23","Pisonia aculeata",10932,"Pisonia aculeata L.",NA,"Nyctaginaceae","species","accepted","Pisonia aculeata",NA,"","Liana/vol˙vel/trepadeira","Floresta de Terra Firme|Floresta Estacional Decidual|Floresta Estacional Semidecidual|Floresta OmbrÛfila (= Floresta Pluvial)|Floresta OmbrÛfila Mista|Restinga","native","AmazÙnia|Mata Atl‚ntica",41067,NA,"Grandtner","ok","native","native","0","0",1,1,"early_secondary","zoochoric",NA,NA,NA,NA,NA,NA,"eastern_south_america","Pisonia aculeata",1,"Accepted","Pisonia aculeata","L.","species","http://www.tropicos.org/Name/22500246;http://plants.usda.gov/java/profile?symbol=PIAC2","Pisonia aculeata","Pisonia","Nyctaginaceae","tropicos;usda",NA,NA,4,3,NA,NA,NA,NA,5,NA,3,15,"country_checklists","checked against Cardoso list",10932,"Pisonia aculeata L.",NA,"Nyctaginaceae","Pisonia","aculeata",NA,"Pisonia aculeata","species","accepted","correct","Pisonia aculeata",NA,NA,"Liana/voluvel/climber","Terricola","BA|MG|MS|PA|PE|PR|RJ|RS|SC|SP","native","FlorestadeTerraFirme|FlorestaEstacionalDecidual|FlorestaEstacionalSemidecidual|FlorestaOmbrofila(=FlorestaPluvial)|FlorestaOmbrofilaMista|Restinga","Amazonia|AtlanticForest","not_endemic",12637,"NYCTAGINACEAE","Pisonia","Pisonia aculeata","Pisonia aculeata L.",NA,"Pisoacul","Lianescent tree or shrub",8,"Amazonia|AtlanticForest|Caatinga|Cerrado|Pampa|Chaco|Caribbean|NorthernAndes|SouthernAndes|MesoamericanDrylands|MesoamericanMoistForests","not_endemic","+","+","+",NA,NA,"+","+",NA,"+","+",NA,"+",NA,"+","+",NA,"+",NA,"AFR","ASI","OCE","USA","MEX","BL","GU","ES","HO","NI","CR","PNM",NA,NA,"JM","CUB","HI","PR","BH","LA",NA,NA,NA,"GN","VNZ","CLM","ECU","PER","BOL","PAY",NA,"ARG",NA,NA,"Brasil","PA|FN|PE|BA|ES|RJ|SP|PR|SC|RS|MS","ARG(CHA, COS, FOR, MIS, SAL, SFE)","BRA(PAR, RGS, SCA)",NA,"PRY(APA, APY, CAA, CAN, COA, GUA, ùEE, PAI, PHA)",NA,"Cat?logo de las Plantas Vasculares del Conosur. Instituto de Bot?nica Darwinion. Buenos Aires. Available in: <http://http://www2.darwin.edu.ar/Proyectos/FloraArgentina/FA.asp>. Access on: 07 Jul. 2014.","yes",NA,"not_endemic",1,1,1,"yes","yes","TRUE","Accepted","Pisonia aculeata","Pisonia",NA,"aculeata",NA,NA,NA,"kew-2552434",TRUE,"Accepted","Nyctaginaceae","Pisonia",NA,"aculeata",NA,NA,"L.","kew-2552434","Accepted",FALSE,1.1,"Pisonia aculeata","Tree:8|shrub_treeletunderstorey:1",7,NA,NA,NA,NA,NA,NA
"24","Pithecellobium dulce",83609,"Pithecellobium dulce (Roxb.) Benth.",NA,"Fabaceae","species","accepted","Pithecellobium dulce",NA,"","¡rvore",NA,"naturalized","AmazÙnia|Caatinga|Mata Atl‚ntica",41182,NA,"Grandtner","ok","naturalized","naturalized","1","1",1,1,NA,"zoochoric",NA,NA,NA,NA,NA,NA,"exotic","Pithecellobium dulce",1,"Accepted","Pithecellobium dulce","(Roxb.) Benth.","species","http://www.tropicos.org/Name/13012638;http://plants.usda.gov/java/profile?symbol=PIDU","Pithecellobium dulce","Pithecellobium","Fabaceae","tropicos;usda",NA,NA,NA,NA,NA,NA,NA,NA,NA,NA,NA,NA,NA,NA,83609,"Pithecellobium dulce (Roxb.) Benth.",NA,"Fabaceae","Pithecellobium","dulce",NA,"Pithecellobium dulce","species","accepted","correct","Pithecellobium dulce",NA,NA,"Tree","Terricola","AL|BA|CE|PB|PE|PI|RJ|RN|SE|SP","naturalized",NA,"Amazonia|Caatinga|AtlanticForest","not_endemic",8500,"LEGUMINOSAE","Pithecellobium","Pithecellobium dulce","Pithecellobium dulce (Roxb.) Benth.",NA,"Pithdulc","Tree",16,"AtlanticForest|Caatinga|Cerrado|Caribbean|PeruvianChileanDesert","naturalized","+","+",NA,NA,NA,"+",NA,NA,"+","+",NA,"+",NA,NA,NA,"+",NA,"+",NA,NA,NA,NA,"MEX","BL","GU","ES","HO","NI","CR","PNM",NA,NA,"JM","CUB","HI","PR","BH","LA",NA,NA,NA,"GN","VNZ","CLM",NA,"PER",NA,NA,NA,NA,NA,NA,"Brasil","MA|PI|CE|RN|FN|PB|PE|AL|SE|BA",NA,NA,NA,NA,NA,"Iganci, J.R.V. Pithecellobium in Lista de Esp?cies da Flora do Brasil. Jardim Bot?nico do Rio de Janeiro. Available in: <http://floradobrasil.jbrj.gov.br/jabot/floradobrasil/FB22756>. Access on: 10 Jun. 2014.","yes","AtlanticForest|Caatinga|Cerrado|Caribbean|PeruvianChileanDesert","naturalized",NA,1,NA,"yes","yes","TRUE","Accepted","Pithecellobium dulce","Pithecellobium",NA,"dulce",NA,NA,NA,"ild-243",TRUE,"Accepted","Fabaceae","Pithecellobium",NA,"dulce",NA,NA,"(Roxb.) Benth.","ild-243","Accepted",FALSE,1.1,"Pithecellobium dulce",NA,NA,NA,NA,NA,NA,NA,NA
"25","Quillaja lancifolia",606407,"Quillaja lancifolia D.Don",NA,"Quillajaceae","species","accepted","Quillaja lancifolia",NA,"","¡rvore",NA,"native","Mata Atl‚ntica",44609,NA,"Grandtner synonym","remove? Unresolved",NA,NA,"1?",NA,1,NA,NA,NA,NA,NA,NA,NA,NA,NA,NA,"Quillaja lancifolia",1,"Unresolved",NA,NA,NA,NA,NA,"Quillaja","Quillajaceae","tropicos",NA,NA,NA,NA,NA,NA,NA,NA,NA,NA,NA,NA,NA,NA,NA,NA,NA,NA,NA,NA,NA,NA,NA,NA,NA,NA,NA,"not_found",NA,NA,NA,NA,NA,NA,NA,NA,NA,NA,NA,NA,NA,NA,NA,NA,NA,NA,NA,NA,NA,NA,NA,NA,NA,NA,NA,NA,NA,NA,NA,NA,NA,NA,NA,NA,NA,NA,NA,NA,NA,NA,NA,NA,NA,NA,NA,NA,NA,NA,NA,NA,NA,NA,NA,NA,NA,NA,NA,NA,NA,NA,NA,NA,NA,NA,NA,NA,NA,NA,NA,NA,NA,NA,NA,NA,NA,NA,"no","no_records",NA,NA,NA,NA,NA,"no",NA,"Unresolved","Quillaja lancifolia","Quillaja",NA,"lancifolia",NA,NA,NA,"rjp-20951",TRUE,"Unresolved","Quillajaceae","Quillaja",NA,"lancifolia",NA,NA,"D.Don","rjp-20951","Unresolved",FALSE,1.1,"Quillaja lancifolia",NA,NA,NA,NA,NA,NA,NA,NA
"26","Salacia mosenii",6793,"Salacia mosenii A.C. Sm.",NA,"Celastraceae","species","accepted","Salacia mosenii","CR","","Liana/vol˙vel/trepadeira","Floresta OmbrÛfila (= Floresta Pluvial)|Restinga","native","Mata Atl‚ntica",59869,NA,"TreeCo","ok","native","native","0","0",NA,NA,NA,"zoochoric","critically_endangered_CR_reflora","vulnerable_VU","D2",NA,NA,NA,"local_endemic",NA,NA,"Accepted",NA,NA,NA,NA,NA,NA,NA,NA,NA,NA,NA,NA,NA,NA,NA,NA,NA,NA,NA,NA,NA,NA,6793,"Salacia mosenii A.C.Sm.",NA,"Celastraceae","Salacia","mosenii",NA,"Salacia mosenii","species","accepted","correct","Salacia mosenii","CR",NA,"Liana/voluvel/climber","Terricola","RJ|SP","native","Restinga","AtlanticForest","endemic",NA,NA,NA,NA,NA,NA,NA,NA,NA,NA,NA,NA,NA,NA,NA,NA,NA,NA,NA,NA,NA,NA,NA,NA,NA,NA,NA,NA,NA,NA,NA,NA,NA,NA,NA,NA,NA,NA,NA,NA,NA,NA,NA,NA,NA,NA,NA,NA,NA,NA,NA,NA,NA,NA,NA,NA,NA,NA,NA,NA,NA,NA,NA,NA,NA,NA,NA,NA,NA,NA,NA,NA,NA,NA,NA,1,NA,"yes","yes","TRUE","Accepted","Salacia mosenii","Salacia",NA,"mosenii",NA,NA,NA,"tro-15600126",TRUE,"Accepted","Celastraceae","Salacia",NA,"mosenii",NA,NA,"A.C. Sm.","tro-15600126","Accepted",FALSE,1.1,"Salacia mosenii",NA,NA,NA,NA,NA,NA,NA,NA
"27","Tovomita longifolia",81890,"Tovomita longifolia (Rich.) Hochr.",NA,"Clusiaceae","species","accepted","Tovomita longifolia",NA,"","¡rvore","Campinarana|Floresta Ciliar ou Galeria|Floresta de V·rzea|Floresta OmbrÛfila (= Floresta Pluvial)","native","AmazÙnia|Mata Atl‚ntica",52942,NA,"Grandtner","ok","native","native","1","1",1,1,NA,"zoochoric",NA,NA,NA,NA,NA,NA,"neotropical","Tovomita longifolia",1,"Accepted","Tovomita longifolia","(Rich.) Hochr.","species","http://www.tropicos.org/Name/7800763","Tovomita longifolia","Tovomita","Clusiaceae","tropicos",NA,NA,3,22,1,NA,7,4,2,NA,11,50,"country_checklists","revised.by.V.Bittrich",81890,"Tovomita longifolia (Rich.) Hochr.",NA,"Clusiaceae","Tovomita","longifolia",NA,"Tovomita longifolia","species","accepted","correct","Tovomita longifolia",NA,NA,"Tree","Terricola","AM|BA|PA","native","Campinarana|FlorestaCiliarouGaleria|FlorestadeVarzea|FlorestaOmbrofila(=FlorestaPluvial)","Amazonia|AtlanticForest","not_endemic",4356,"CLUSIACEAE","Tovomita","Tovomita longifolia","Tovomita longifolia (Rich.) Hochr.",NA,"Tovolong","Tree",20,"Amazonia|AtlanticForest|Cerrado|MesoamericanMoistForests","not_endemic","+","+",NA,NA,NA,"+",NA,NA,"+",NA,NA,NA,"+",NA,NA,NA,NA,NA,NA,NA,NA,NA,NA,NA,NA,NA,NA,NA,"CR","PNM",NA,NA,NA,NA,NA,NA,NA,NA,NA,"GF","SR","GN","VNZ","CLM","ECU","PER","BOL",NA,NA,NA,NA,NA,"Brasil","RO|AM|RR|PA|AP|TO|MA|BA",NA,NA,NA,NA,NA,"Bittrich, V.; Trad, R.J.; Cabral, F.; Nascimento-Jr, J. E. Clusiaceae in Lista de Esp?cies da Flora do Brasil. Jardim Bot?nico do Rio de Janeiro. Available in: <http://floradobrasil.jbrj.gov.br/jabot/floradobrasil/FB22469>. Access on: 14 Apr. 2014.","yes",NA,"not_endemic",NA,1,NA,"yes","yes","TRUE","Accepted","Tovomita longifolia","Tovomita",NA,"longifolia",NA,NA,NA,"kew-2431385",TRUE,"Accepted","Clusiaceae","Tovomita",NA,"longifolia",NA,NA,"(Rich.) Hochr.","kew-2431385","Accepted",FALSE,1.1,"Tovomita longifolia",NA,NA,NA,NA,NA,NA,NA,NA
"28","Trischidium decipiens",25685,"Trischidium decipiens (R.S.Cowan) H.E.Ireland",NA,"Fabaceae","species","accepted","Trischidium decipiens",NA,"","Arbusto|¡rvore","Cerrado (lato sensu)|Floresta Estacional Semidecidual","native","AmazÙnia|Caatinga|Mata Atl‚ntica",59907,NA,"TreeCo","ok","native","native","1","1",NA,NA,NA,NA,NA,NA,NA,NA,NA,NA,"eastern_south_america",NA,NA,"Accepted",NA,NA,NA,NA,NA,NA,NA,NA,NA,NA,NA,NA,NA,NA,NA,NA,NA,NA,NA,NA,NA,NA,25685,"Trischidium decipiens (R.S.Cowan) H.E.Ireland",NA,"Fabaceae","Trischidium","decipiens",NA,"Trischidium decipiens","species","accepted","correct","Trischidium decipiens",NA,NA,"Shrub|Tree","Terricola","AM|BA|CE|MA|PE","native","Cerrado(latosensu)|FlorestaEstacionalSemidecidual","Amazonia|Caatinga|AtlanticForest","not_endemic",NA,NA,NA,NA,NA,NA,NA,NA,NA,NA,NA,NA,NA,NA,NA,NA,NA,NA,NA,NA,NA,NA,NA,NA,NA,NA,NA,NA,NA,NA,NA,NA,NA,NA,NA,NA,NA,NA,NA,NA,NA,NA,NA,NA,NA,NA,NA,NA,NA,NA,NA,NA,NA,NA,NA,NA,NA,NA,NA,NA,NA,NA,NA,NA,NA,NA,NA,NA,NA,NA,NA,NA,NA,NA,NA,1,NA,"yes","yes","TRUE","Accepted","Trischidium decipiens","Trischidium",NA,"decipiens",NA,NA,NA,"tro-100001486",TRUE,"Accepted","Fabaceae","Trischidium",NA,"decipiens",NA,NA,"(R.S. Cowan) H.E. Ireland","tro-100001486","Accepted",FALSE,1.1,"Trischidium decipiens",NA,NA,NA,NA,NA,NA,NA,NA
"29","Turnera blanchetiana",14998,"Turnera blanchetiana Urb.",NA,"Turneraceae","species","accepted","Turnera blanchetiana",NA,"","Arbusto",NA,"native","Caatinga|Cerrado|Mata Atl‚ntica|Pantanal",59908,NA,"TreeCo","ok","native","native","0.5","0.5",NA,NA,NA,NA,NA,NA,NA,NA,NA,NA,NA,NA,NA,"Accepted",NA,NA,NA,NA,NA,NA,NA,NA,NA,NA,NA,NA,NA,NA,NA,NA,NA,NA,NA,NA,NA,NA,14998,"Turnera blanchetiana Urb.",NA,"Turneraceae","Turnera","blanchetiana",NA,"Turnera blanchetiana","species","accepted","correct","Turnera blanchetiana",NA,NA,"Shrub","Terricola","BA|CE|MG|MS|PB|PE|PI|RN","native",NA,"Caatinga|AtlanticForest","not_endemic",NA,NA,NA,NA,NA,NA,NA,NA,NA,NA,NA,NA,NA,NA,NA,NA,NA,NA,NA,NA,NA,NA,NA,NA,NA,NA,NA,NA,NA,NA,NA,NA,NA,NA,NA,NA,NA,NA,NA,NA,NA,NA,NA,NA,NA,NA,NA,NA,NA,NA,NA,NA,NA,NA,NA,NA,NA,NA,NA,NA,NA,NA,NA,NA,NA,NA,NA,NA,NA,NA,NA,NA,NA,NA,NA,1,NA,"yes","yes","TRUE","Accepted","Turnera blanchetiana","Turnera",NA,"blanchetiana",NA,NA,NA,"tro-33100041",TRUE,"Accepted","Turneraceae","Turnera",NA,"blanchetiana",NA,NA,"Urb.","tro-33100041","Accepted",FALSE,1.1,"Turnera blanchetiana",NA,NA,NA,NA,NA,NA,NA,NA
