Binomial	Presence	Origin	Seasonal	Compiler	Year	Citation	Dec_Lat	Dec_Long	SpatialRef	BasisOfRec	Event_Year	Source	Dist_comm	Island	Subspecies	Subpop	Tax_comm	Data_Sens	Sens_Comm	ID_No	collectID	recordNo	recordedBy	day	month	countryCode	locality	minElev	maxElev	verbaElev	verbatLat	verbatLong	verbatCoord	verbatSRS	coordUncert	georefVeri	georefVeri	identCert	typeStatus	subgenus	obsYrQual	obsCompNot	adminError	adminFixed	adminSrcFix	adminChang	id
Cyrtocarpa caatingae	1	1	1	CNCFlora/JBRJ	2019	BP-RLA/CNCFlora/JBRJ	'-9.3396244717551'	'-37.879045651328'	WGS84	PreservedSpecimen	2009	R.P.Lyra-Lemos;E.C.O.Chagas,M.C.S.Mota 11642	Alagoas Água Branca Morro do Craunã					N	N		MAC0036116	11642	R.P.Lyra-Lemos;E.C.O.Chagas,M.C.S.Mota	1	2	BRA	Alagoas Água Branca Morro do Craunã														1	GC					urn:occurrence:14203e5b-b73a-4d68-b671-1c1aca635ec9
Cyrtocarpa caatingae	1	1	1	CNCFlora/JBRJ	2019	BP-RLA/CNCFlora/JBRJ	'-9.7333333333333'	'-36.95'	WGS84	PreservedSpecimen	2010	A.Costa; 379	Alagoas Traipu Serra-da-Mão.					N	N		MAC0055488	379	A.Costa;	20	7	BRA	Alagoas Traipu Serra-da-Mão.														1	GC					urn:occurrence:11c3f703-0cd7-4587-9468-ace3ca114bb3
Cyrtocarpa caatingae	1	1	1	CNCFlora/JBRJ	2019	BP-RLA/CNCFlora/JBRJ	'-13.344417'	'-40.459652'	WGS84	PreservedSpecimen	2011	Melo, E. 10656	Bahia Maracás Fazenda Canabrava.					N	N		HUEFS178195	10656	Melo, E.	4	11	BRA	Bahia Maracás Fazenda Canabrava.														1	GC					urn:occurrence:79b8b152-0a0f-4706-89fa-24321c941c48
Cyrtocarpa caatingae	1	1	1	CNCFlora/JBRJ	2019	BP-RLA/CNCFlora/JBRJ	'-12.235278'	'-39.073611'	WGS84	PreservedSpecimen	2013	Melo, E. 11936	Bahia Feira de Santana Distrito Governador João Durval ou Ipuaçu. Inselbergue Monte Alto.					N	N		HUEFS197893	11936	Melo, E.	26	1	BRA	Bahia Feira de Santana Distrito Governador João Durval ou Ipuaçu. Inselbergue Monte Alto.														1	GC					urn:occurrence:894d941c-93d3-4852-ba48-872dae76b9db
Cyrtocarpa caatingae	1	1	1	CNCFlora/JBRJ	2019	BP-RLA/CNCFlora/JBRJ	'-12.716667'	'-40.116667'	WGS84	PreservedSpecimen	1980	Pinto, GCP 202	Bahia Iaçu Paraguaçu					N	N		ALCB19078	202	Pinto, GCP		12	BRA	Bahia Iaçu Paraguaçu														1	GC					urn:occurrence:cc244b4c-2215-428d-84eb-c1272d2d1d95
Cyrtocarpa caatingae	1	1	1	CNCFlora/JBRJ	2019	BP-RLA/CNCFlora/JBRJ	'-13.383333333333'	'-44.0775'	WGS84	PreservedSpecimen	2006	Pereira, BAS; 3752	Bahia São Félix do Coribe Folha Cartográfica SD-23-X-C Coordenada Coletada.					N	N		IBGE00079044	3752	Pereira, BAS;	21	10	BRA	Bahia São Félix do Coribe Folha Cartográfica SD-23-X-C Coordenada Coletada.														1	GC					urn:occurrence:0a2f17be-2cdc-44cd-b146-4ee521265907
Cyrtocarpa caatingae	1	1	1	CNCFlora/JBRJ	2019	BP-RLA/CNCFlora/JBRJ	'-14.069399833679'	'-42.474998474121'	WGS84	PreservedSpecimen	1993	M.L. Guedes; et al. 2789						N	N		CGMS5821	2789	M.L. Guedes; et al.	15	1	BRA															1	GC					urn:occurrence:ab870f64-1333-48b2-b73a-d608d09a7861
Cyrtocarpa caatingae	1	1	1	CNCFlora/JBRJ	2019	BP-RLA/CNCFlora/JBRJ	'-14.298333333333'	'-46.445555555556'	WGS84	PreservedSpecimen	2015	Aparecida da Silva, M;Alvarenga, D,Silva, GD 8431	Goiás Posse BR-020, km 183, distante 20 Km de Simolândia-GO. Folha Cartográfica SD-23-T-B Coordenada Coletada.					N	N		IBGE00080446	8431	Aparecida da Silva, M;Alvarenga, D,Silva, GD	25	10	BRA	Goiás Posse BR-020, km 183, distante 20 Km de Simolândia-GO. Folha Cartográfica SD-23-T-B Coordenada Coletada.														1	GC					urn:occurrence:72e97401-c8ca-441b-911f-689e3d271e6c
Cyrtocarpa caatingae	1	1	1	CNCFlora/JBRJ	2019	BP-RLA/CNCFlora/JBRJ	'-13.803333333333'	'-46.53'	WGS84	PreservedSpecimen	2001	Fonseca, ML;Oliveira, FCA,Mendonça, RC,Cardoso, E 2949	Goiás Guarani de Goiás Fazenda Forquilha. Poprietário Sr. Virgilato Francisco Neto. (Mata 3). Solo argiloso com afloramento de calcáreo. Relevo ondulado.					N	N		IBGE00053382	2949	Fonseca, ML;Oliveira, FCA,Mendonça, RC,Cardoso, E	18	10	BRA	Goiás Guarani de Goiás Fazenda Forquilha. Poprietário Sr. Virgilato Francisco Neto. (Mata 3). Solo argiloso com afloramento de calcáreo. Relevo ondulado.														1	GC					urn:occurrence:5f9e9f88-3f72-4ba6-aa00-b5fd785ec1c3
Cyrtocarpa caatingae	1	1	1	CNCFlora/JBRJ	2019	BP-RLA/CNCFlora/JBRJ	'-13.301944444444'	'-46.428055555556'	WGS84	PreservedSpecimen	2009	Pereira, BAS; 3658	Goiás Divinópolis de Goiás Vale do rio Paranã, tributário da bacia do Tocantins. Margim direita da estrada que liga Divinópolis ao povoado de Vazante.					N	N		SPF00203674	3658	Pereira, BAS;	30	11	BRA	Goiás Divinópolis de Goiás Vale do rio Paranã, tributário da bacia do Tocantins. Margim direita da estrada que liga Divinópolis ao povoado de Vazante.														1	GC					urn:occurrence:03c0c31d-8f6a-4c2d-8b09-1d01c4fbc39c
Cyrtocarpa caatingae	1	1	1	CNCFlora/JBRJ	2019	BP-RLA/CNCFlora/JBRJ	'-13.316111'	'-40.522778'	WGS84	PreservedSpecimen	2011	Melo, E. 10561	Bahia Maracás Estrada para Marcionílio Souza, ca. 12,6 km da cidade.					N	N		HUEFS178100	10561	Melo, E.	3	11	BRA	Bahia Maracás Estrada para Marcionílio Souza, ca. 12,6 km da cidade.														1	GC					urn:occurrence:6499ba9a-e910-4361-871b-2b8bcd9d0b6e
Cyrtocarpa caatingae	1	1	1	CNCFlora/JBRJ	2019	BP-RLA/CNCFlora/JBRJ	'-9.007242939'	'-43.68523563'	WGS84	PreservedSpecimen	2009	G. Martinelli 16255	Piauí Guaribas Parque Nacional da Serra das Confusões. Baixo do Canto verde.					N	N		NYBG1184151	16255	G. Martinelli	8	4	BRA	Piauí Guaribas Parque Nacional da Serra das Confusões. Baixo do Canto verde.														1	GC					urn:occurrence:69bfbbf8-bc7a-4469-ad9c-b6bbef0696fe
Cyrtocarpa caatingae	1	1	1	CNCFlora/JBRJ	2019	BP-RLA/CNCFlora/JBRJ	'-12.301111'	'-40.458056'	WGS84	PreservedSpecimen	2004	Queiroz, L.P.de 9807	Bahia Ruy Barbosa Estrada para Barro Duro.					N	N		HUEFS90383	9807	Queiroz, L.P.de	14	11	BRA	Bahia Ruy Barbosa Estrada para Barro Duro.														1	GC					urn:occurrence:014ee5ec-86e5-41dc-bc3c-54955537c2ae
Cyrtocarpa caatingae	1	1	1	CNCFlora/JBRJ	2019	BP-RLA/CNCFlora/JBRJ	'-9.271784815'	'-37.69219494'	WGS84	PreservedSpecimen	2009	Chagas-Mota;L.M.Leão 3069	Alagoas Inhapi Serra do Grude.					N	N		MAC0038357	3069	Chagas-Mota;L.M.Leão	23	4	BRA	Alagoas Inhapi Serra do Grude.														1	GC					urn:occurrence:82251916-93a1-4922-b5c3-d009133cc5ab
Cyrtocarpa caatingae	1	1	1	CNCFlora/JBRJ	2019	BP-RLA/CNCFlora/JBRJ	'-14.016666666667'	'-41.233333333333'	WGS84	PreservedSpecimen	2016	Valadão, R de M; s.n.						N	N		ALCB045881	s.n.	Valadão, R de M;	25	11	BRA															1	GC					urn:occurrence:7899c6ff-ecc1-4b6a-908e-0aeb708153af
Cyrtocarpa caatingae	1	1	1	CNCFlora/JBRJ	2019	BP-RLA/CNCFlora/JBRJ	'-12.228238'	'-39.035003'	WGS84	PreservedSpecimen	2014	Costa, J.A.; 10	Bahia Feira de Santana Cuzeiro do Mocó.					N	N		HUEFS207405	10	Costa, J.A.;	21	5	BRA	Bahia Feira de Santana Cuzeiro do Mocó.														1	GC					urn:occurrence:68d5280a-3a84-49a5-b270-6ec89fd727d3
Cyrtocarpa caatingae	1	1	1	CNCFlora/JBRJ	2019	BP-RLA/CNCFlora/JBRJ	'-12.728611111111'	'-39.705'	WGS84	PreservedSpecimen	2014	C.L. Silva-Luz;M.F. Devechi 304	Bahia Itatim BR 101 em direção a Vitória da Conquista. Próximo ao Morro das Tocas.					N	N		RB00987609	304	C.L. Silva-Luz;M.F. Devechi	22	10	BRA	Bahia Itatim BR 101 em direção a Vitória da Conquista. Próximo ao Morro das Tocas.														1	GC					urn:occurrence:987f407d-a7ef-40fb-92cd-2df30bcbbedf
Cyrtocarpa caatingae	1	1	1	CNCFlora/JBRJ	2019	BP-RLA/CNCFlora/JBRJ	'-10.9214'	'-39.0792'	WGS84	PreservedSpecimen	2005	D. B. O. S. Cardoso 525	Bahia Quijingue Serra das Candeias, a ca. de 5 km W do Povoado Quixaba do Mandacaru.					N	N		NYBG1144601	525	D. B. O. S. Cardoso	15	5	BRA	Bahia Quijingue Serra das Candeias, a ca. de 5 km W do Povoado Quixaba do Mandacaru.														1	GC					urn:occurrence:79e80c97-879b-4869-8ec2-9981e4b848a2
Cyrtocarpa caatingae	1	1	1	CNCFlora/JBRJ	2019	BP-RLA/CNCFlora/JBRJ	'-13.442925'	'-44.17382'	WGS84	PreservedSpecimen	2000	Queiroz, L.P.de; 5969	Bahia São Félix do Coribe ca. 7,7 km S de Santa Maria da Vitória na estrada para Lagoinha. Extremidade setentrional da Serra do Ramalho.					N	N		HUEFS043716	5969	Queiroz, L.P.de;	13	2	BRA	Bahia São Félix do Coribe ca. 7,7 km S de Santa Maria da Vitória na estrada para Lagoinha. Extremidade setentrional da Serra do Ramalho.														1	GC					urn:occurrence:241b5ac2-d1cc-49a4-a9dd-f3034c8e9145
Cyrtocarpa caatingae	1	1	1	CNCFlora/JBRJ	2019	BP-RLA/CNCFlora/JBRJ	'-13.798418'	'-46.864292'	WGS84	PreservedSpecimen	2000	D. Alvarenga;R.C. Mendonça,M. Aparecida da Silva 1291	Goiás Nova Roma Saída da cidade em direção a Iaciara. Fazenda Cachoeira (Proprietário Sr. Manoel R.G. de Sousa).					N	N		RB00411692	1291	D. Alvarenga;R.C. Mendonça,M. Aparecida da Silva	1	3	BRA	Goiás Nova Roma Saída da cidade em direção a Iaciara. Fazenda Cachoeira (Proprietário Sr. Manoel R.G. de Sousa).														1	GC					urn:occurrence:3be171b2-ecd4-47aa-8e7c-92505ed84105
Cyrtocarpa caatingae	1	1	1	CNCFlora/JBRJ	2019	BP-RLA/CNCFlora/JBRJ	'-14.05'	'-46.483333333333'	WGS84	PreservedSpecimen	2003	Fagg, CW;Oliveira, NR 1317	Goiás Iaciara Fazenda Sabonete, mata seca com parcelas permanentes da UnB. Linha 2, parcela 19, 250 m desde a borda da mata. Solo raso com afloramento de rochas calcáreas.					N	N		IBGE00059290	1317	Fagg, CW;Oliveira, NR	5	10	BRA	Goiás Iaciara Fazenda Sabonete, mata seca com parcelas permanentes da UnB. Linha 2, parcela 19, 250 m desde a borda da mata. Solo raso com afloramento de rochas calcáreas.														1	GC					urn:occurrence:0fd435bf-d51b-4ff0-b49a-be116520bdb9
Cyrtocarpa caatingae	1	1	1	CNCFlora/JBRJ	2019	BP-RLA/CNCFlora/JBRJ	'-16.113611111111'	'-41.761388888889'	WGS84	PreservedSpecimen	2016	A.C.Sevilha; G.Pereira-Silva, J.B.Pereira e S.E.de Noronha 6189	Minas Gerais Santa Cruz de Salinas Sítio 6. Ponto 6					N	N		RB01385024	6189	A.C.Sevilha; G.Pereira-Silva, J.B.Pereira e S.E.de Noronha	4	12	BRA	Minas Gerais Santa Cruz de Salinas Sítio 6. Ponto 6														1	GC					urn:occurrence:2853915d-39e1-443a-961e-b640ccc84ab7
Cyrtocarpa caatingae	1	1	1	CNCFlora/JBRJ	2019	BP-RLA/CNCFlora/JBRJ	'-16.86237593'	'-42.49428875'	WGS84	PreservedSpecimen	1991	M. G. Carvalho 840	Minas Gerais Berilo Berilo					N	N		NYBG1030687	840	M. G. Carvalho	30	11	BRA	Minas Gerais Berilo Berilo														1	GC					urn:occurrence:94a5fc17-c99c-450a-8a07-005ca0b14294
Cyrtocarpa caatingae	1	1	1	CNCFlora/JBRJ	2019	BP-RLA/CNCFlora/JBRJ	'-14.90365375'	'-43.76182456'	WGS84	PreservedSpecimen	2011							N	N		MCMG5716		Rodrigues, R. H. ;			BRA															1	GC					urn:occurrence:b1ed0330-bde7-41bf-94e8-05a8f59ac1d4
Cyrtocarpa caatingae	1	1	1	CNCFlora/JBRJ	2019	BP-RLA/CNCFlora/JBRJ	'-13.62369990861'	'-40.568199167645'	WGS84	PreservedSpecimen	1912	T.Jehnaker 664	Bahia Maracás Maralos, caldeirões de Mirangda .					N	N		RB00040490	664	T.Jehnaker	17	12	BRA	Bahia Maracás Maralos, caldeirões de Mirangda .														1	GC					urn:occurrence:a45de8be-e138-4a31-9d3f-e8dbb7d7e27b
Cyrtocarpa caatingae	1	1	1	CNCFlora/JBRJ	2019	BP-RLA/CNCFlora/JBRJ	'-14.121929'	'-42.424609'	WGS84	PreservedSpecimen	1992	A. M. V. de Carvalho 3776	Bahia Caetité Ramal a 29 km na estrada Caetité/Brumado.					N	N		NYBG684644	3776	A. M. V. de Carvalho	10	2	BRA	Bahia Caetité Ramal a 29 km na estrada Caetité/Brumado.														1	GC					urn:occurrence:dca62af3-5465-41f6-88b1-24074d44d8dc
Cyrtocarpa caatingae	1	1	1	CNCFlora/JBRJ	2019	BP-RLA/CNCFlora/JBRJ	'-13.801666666667'	'-46.538333333333'	WGS84	PreservedSpecimen	2002	Fonseca, ML;Oliveira, FCA,Mendonça, RC,Cardoso, E 2956	Goiás Guarani de Goiás Fazenda Forquilha. Propriedade do Sr. Virgilato Francisco Neto. (Mata 3, Linha 5, parcela 24, árvore 898).					N	N		IBGE00053392	2956	Fonseca, ML;Oliveira, FCA,Mendonça, RC,Cardoso, E	19	10	BRA	Goiás Guarani de Goiás Fazenda Forquilha. Propriedade do Sr. Virgilato Francisco Neto. (Mata 3, Linha 5, parcela 24, árvore 898).														1	GC					urn:occurrence:9e5a3209-89a3-4298-a6e7-f1693674fb3a
Cyrtocarpa caatingae	1	1	1	CNCFlora/JBRJ	2019	BP-RLA/CNCFlora/JBRJ	'-13.80806'	'-46.53639'	WGS84	PreservedSpecimen	2001	Fonseca, ML;Aparecida da Silva, M,Cardoso, E 2422	Goiás Guarani de Goiás Estrada da fazenda Forquilha para a cidade de Guarani. Solo argiloso, pedregoso. Relevo ondulado.					N	N		IBGE00051213	2422	Fonseca, ML;Aparecida da Silva, M,Cardoso, E	5	3	BRA	Goiás Guarani de Goiás Estrada da fazenda Forquilha para a cidade de Guarani. Solo argiloso, pedregoso. Relevo ondulado.														1	GC					urn:occurrence:fa49b508-8d84-4fb2-a8b5-005110acd83a
Cyrtocarpa caatingae	1	1	1	CNCFlora/JBRJ	2019	BP-RLA/CNCFlora/JBRJ	'-16.74119'	'-42.574694'	WGS84	PreservedSpecimen	2001	E. T. Neto 3278	Minas Gerais Berilo UHE - Irapé.					N	N		NYBG1030688	3278	E. T. Neto	13	2	BRA	Minas Gerais Berilo UHE - Irapé.														1	GC					urn:occurrence:8164d44a-0a8f-4c6d-83e9-f89e6de6e348
Cyrtocarpa caatingae	1	1	1	CNCFlora/JBRJ	2019	BP-RLA/CNCFlora/JBRJ	'-14.85021827'	'-43.99120477'	WGS84	PreservedSpecimen	0	Luz, G.R. ; Coutinho, E.S. ; Dantas, I.M. ; Mota, G.S. ; Mota, N.M. ; Oliveira, M.H. ; Rodrigues, P.L. ; Silva, D.L. ; Souza, M.L. ; Souza, S.R. ; Veloso, C.V.R.A. ; 1	Minas Gerais Manga Parque Estadual da Mata Seca					N	N		MCMG494	1	Luz, G.R. ; Coutinho, E.S. ; Dantas, I.M. ; Mota, G.S. ; Mota, N.M. ; Oliveira, M.H. ; Rodrigues, P.L. ; Silva, D.L. ; Souza, M.L. ; Souza, S.R. ; Veloso, C.V.R.A. ;			BRA	Minas Gerais Manga Parque Estadual da Mata Seca														1	GC					urn:occurrence:d4d270e2-120e-4092-9379-9122b154ff72
Cyrtocarpa caatingae	1	1	1	CNCFlora/JBRJ	2019	BP-RLA/CNCFlora/JBRJ	'-14.85596557'	'-43.80606387'	WGS84	PreservedSpecimen	0	Melo, PHA; Góis, L; Castro, RM; Gato, R 2679	Minas Gerais Matias Cardoso APA Lajedão, comunidade do Lajedão (Horizonte do Gama), proximidades da Gruta do Sr. Vital					N	N		ESAL13769	2679	Melo, PHA; Góis, L; Castro, RM; Gato, R			BRA	Minas Gerais Matias Cardoso APA Lajedão, comunidade do Lajedão (Horizonte do Gama), proximidades da Gruta do Sr. Vital														1	GC					urn:occurrence:a993bb54-9b99-48b5-8b45-fa4422bc216d
Cyrtocarpa caatingae	1	1	1	CNCFlora/JBRJ	2019	BP-RLA/CNCFlora/JBRJ	'-15.27849434'	'-44.90956205'	WGS84	PreservedSpecimen	2009	Menino, G.C.O. ; Coutinho,C.A. ; Fonseca, J.M.L. ; Oliveira, I,S, ; Silva, W.A. ; Souza,S.R. ;	Minas Gerais Bonito de Minas APA do Rio Pandeiros-Ilha 005					N	N		MCMG1517		Menino, G.C.O. ; Coutinho,C.A. ; Fonseca, J.M.L. ; Oliveira, I,S, ; Silva, W.A. ; Souza,S.R. ;	27	10	BRA	Minas Gerais Bonito de Minas APA do Rio Pandeiros-Ilha 005														1	GC					urn:occurrence:d28db55e-ea93-4b59-b533-fa94a8372731
Cyrtocarpa caatingae	1	1	1	CNCFlora/JBRJ	2019	BP-RLA/CNCFlora/JBRJ	'-14.136444'	'-42.385982'	WGS84	PreservedSpecimen	1992	A. M. V. de Carvalho 3762	Bahia Caetité Ca. 14 km na estrada de Caetité para Brumado.					N	N		NYBG437847	3762	A. M. V. de Carvalho	19	2	BRA	Bahia Caetité Ca. 14 km na estrada de Caetité para Brumado.														1	GC					urn:occurrence:a55aa737-5b1a-4877-bd79-0e9334d6557a
Cyrtocarpa caatingae	1	1	1	CNCFlora/JBRJ	2019	BP-RLA/CNCFlora/JBRJ	'-10.781472'	'-42.233978'	WGS84	PreservedSpecimen	1980	Grupo Flora - Pedra do Cavalo;	Bahia Itaguaçu da Bahia Cachoeira.					N	N		RB00297673		Grupo Flora - Pedra do Cavalo;	28	12	BRA	Bahia Itaguaçu da Bahia Cachoeira.														1	GC					urn:occurrence:4aabcb55-b803-464b-8cd8-4d0b46e1f66a
Cyrtocarpa caatingae	1	1	1	CNCFlora/JBRJ	2019	BP-RLA/CNCFlora/JBRJ	'-14.1456'	'-40.2425'	WGS84	PreservedSpecimen	1978	S. A. Mori 11248	Bahia Manoel Vitorino Estrada que liga Manoel Vitorino à Catingal, 1-5 km a W da 101					N	N		NYBG50767	11248	S. A. Mori	20	11	BRA	Bahia Manoel Vitorino Estrada que liga Manoel Vitorino à Catingal, 1-5 km a W da 101														1	GC					urn:occurrence:54300d4b-ee90-49f5-a018-3f3c40fb98c6
Cyrtocarpa caatingae	1	1	1	CNCFlora/JBRJ	2019	BP-RLA/CNCFlora/JBRJ	'-13.5978'	'-41.7561'	WGS84	PreservedSpecimen	2004	R. M. Harley 55196	Bahia Rio de Contas Na beira da estrada entre a cidade e Marcolino Moura.					N	N		NYBG887091	55196	R. M. Harley	1	11	BRA	Bahia Rio de Contas Na beira da estrada entre a cidade e Marcolino Moura.														1	GC					urn:occurrence:6810b89d-f5c0-4783-a8dc-2970204b7080
Cyrtocarpa caatingae	1	1	1	CNCFlora/JBRJ	2019	BP-RLA/CNCFlora/JBRJ	'-13.243611'	'-40.571389'	WGS84	PreservedSpecimen	2011	Melo, E. 10595	Bahia Maracás Estrada para Marcionílio Souza, ca. 12,6 km da cidade.					N	N		HUEFS178134	10595	Melo, E.	3	11	BRA	Bahia Maracás Estrada para Marcionílio Souza, ca. 12,6 km da cidade.														1	GC					urn:occurrence:327a71ce-ac84-42a3-b63c-ff6cf65112b1
Cyrtocarpa caatingae	1	1	1	CNCFlora/JBRJ	2019	BP-RLA/CNCFlora/JBRJ	'-15.70896181'	'-42.55136372'	WGS84	PreservedSpecimen	1988	Equipe Engevix P346	Minas Gerais Rio Pardo de Minas Catanduva, Taiobeiras					N	N		NYBG1030686	P346	Equipe Engevix	3	12	BRA	Minas Gerais Rio Pardo de Minas Catanduva, Taiobeiras														1	GC					urn:occurrence:20675c7f-9d45-43b4-9ef4-3b60a32c0ce8
Cyrtocarpa caatingae	1	1	1	CNCFlora/JBRJ	2019	BP-RLA/CNCFlora/JBRJ	'-9.314261'	'-36.899916'	WGS84	PreservedSpecimen	2010	Chagas-Mota; 7397	Alagoas Minador do Negrão Fazenda Pedra Talhada.					N	N		MAC0045893	7397	Chagas-Mota;	30	1	BRA	Alagoas Minador do Negrão Fazenda Pedra Talhada.														1	GC					urn:occurrence:eb48c5f4-1bd6-4059-91e7-ddf1eac55a5b
Cyrtocarpa caatingae	1	1	1	CNCFlora/JBRJ	2019	BP-RLA/CNCFlora/JBRJ	'-13.6'	'-41.75'	WGS84	PreservedSpecimen	2005	Harley, R.M.; 55434	Bahia Rio de Contas 7,9 Km Marcolino Moura, e 2,3 Km da Fazenda Teixeira, em direção de Rio de Contas. Trilha do vale do Rio Baeta.					N	N		HUEFS111477	55434	Harley, R.M.;	23	1	BRA	Bahia Rio de Contas 7,9 Km Marcolino Moura, e 2,3 Km da Fazenda Teixeira, em direção de Rio de Contas. Trilha do vale do Rio Baeta.														1	GC					urn:occurrence:6b7c81b0-20db-4605-bc28-a101b6476371
Cyrtocarpa caatingae	1	1	1	CNCFlora/JBRJ	2019	BP-RLA/CNCFlora/JBRJ	'-12.869167'	'-39.825833'	WGS84	PreservedSpecimen	1997	França, F. 2163	Bahia Milagres Morro Pé da Serra.					N	N		HUEFS26619	2163	França, F.	16	3	BRA	Bahia Milagres Morro Pé da Serra.														1	GC					urn:occurrence:852ba6aa-dc16-4748-8c42-f3a4a86758a2
Cyrtocarpa caatingae	1	1	1	CNCFlora/JBRJ	2019	BP-RLA/CNCFlora/JBRJ	'-13.94825'	'-40.110111'	WGS84	PreservedSpecimen	2004	G.E.L. Macedo; A.F. Souza 445	Bahia Jequié Mata da Fazenda Brejo Novo					N	N		PEUFR48779	445	G.E.L. Macedo; A.F. Souza	14	1	BRA	Bahia Jequié Mata da Fazenda Brejo Novo														1	GC					urn:occurrence:75e78990-b2fb-4583-8137-d265f82e3a31
Cyrtocarpa caatingae	1	1	1	CNCFlora/JBRJ	2019	BP-RLA/CNCFlora/JBRJ	'-12.753333'	'-39.783056'	WGS84	PreservedSpecimen	1997	Melo, E. 1974	Bahia Itatim Interior da mata da base do Inselberg.					N	N		HUEFS26380	1974	Melo, E.	26	1	BRA	Bahia Itatim Interior da mata da base do Inselberg.														1	GC					urn:occurrence:c1e01280-13ea-4e87-b75c-952fa3276ca6
Cyrtocarpa caatingae	1	1	1	CNCFlora/JBRJ	2019	BP-RLA/CNCFlora/JBRJ	'-12.81349638'	'-40.11232306'	WGS84	PreservedSpecimen	1980	Pinto, G.C.P. 20280						N	N		HUEFS6614	20280	Pinto, G.C.P.		12	BRA															1	GC					urn:occurrence:294375c7-c8ba-4fee-b30b-434e251e0cfb
Cyrtocarpa caatingae	1	1	1	CNCFlora/JBRJ	2019	BP-RLA/CNCFlora/JBRJ	'-13.803333333333'	'-46.53'	WGS84	PreservedSpecimen	2001	Fonseca, ML;Oliveira, FCA,Mendonça, RC,et al.,Cardoso, E 2941	Goiás Guarani de Goiás Fazenda Forquilha (mata 3). (linha 2, parcela 2, árvore 170). Solo argiloso com afloramento de calcário. Relevo ondulado.					N	N		IBGE00053454	2941	Fonseca, ML;Oliveira, FCA,Mendonça, RC,et al.,Cardoso, E	18	10	BRA	Goiás Guarani de Goiás Fazenda Forquilha (mata 3). (linha 2, parcela 2, árvore 170). Solo argiloso com afloramento de calcário. Relevo ondulado.														1	GC					urn:occurrence:bad1ad2c-04e5-4868-8574-19752a3e75d3
Cyrtocarpa caatingae	1	1	1	CNCFlora/JBRJ	2019	BP-RLA/CNCFlora/JBRJ	'-13.800833333333'	'-46.538333333333'	WGS84	PreservedSpecimen	2002	Fonseca, ML;Oliveira, FCA,Mendonça, RC,Cardoso, E 2954	Goiás Guarani de Goiás Fazenda Forquilha. Propriedade do Sr. Virgilato Francisco Neto. (Mata 3, linha 5, parcela 21, árvore 831).					N	N		IBGE00053390	2954	Fonseca, ML;Oliveira, FCA,Mendonça, RC,Cardoso, E	19	10	BRA	Goiás Guarani de Goiás Fazenda Forquilha. Propriedade do Sr. Virgilato Francisco Neto. (Mata 3, linha 5, parcela 21, árvore 831).														1	GC					urn:occurrence:b5342b8c-5764-44eb-95f1-080ecce80f52
Cyrtocarpa caatingae	1	1	1	CNCFlora/JBRJ	2019	BP-RLA/CNCFlora/JBRJ	'-13.803333333333'	'-46.53'	WGS84	PreservedSpecimen	2001	Fonseca, ML;Oliveira, FCA,Mendonça, RC,et al.,Cardoso, E 2940	Goiás Guarani de Goiás Fazenda Forquilha. (Mata 3). (linha 2, parcela 7, árvore 146). Solo argiloso com afloramento de calcário. relevo ondulado.					N	N		IBGE00053452	2940	Fonseca, ML;Oliveira, FCA,Mendonça, RC,et al.,Cardoso, E	18	10	BRA	Goiás Guarani de Goiás Fazenda Forquilha. (Mata 3). (linha 2, parcela 7, árvore 146). Solo argiloso com afloramento de calcário. relevo ondulado.														1	GC					urn:occurrence:d97fc8db-80f4-47d1-bfc5-bc3704db36d8
Cyrtocarpa caatingae	1	1	1	CNCFlora/JBRJ	2019	BP-RLA/CNCFlora/JBRJ	'-14.90365375'	'-43.76182456'	WGS84	PreservedSpecimen	0	Rosiele. G ;	Minas Gerais Matias Cardoso					N	N		MCMG5722		Rosiele. G ;			BRA	Minas Gerais Matias Cardoso														1	GC					urn:occurrence:db1e823c-54cb-43de-abc5-7b8ba824752d
Cyrtocarpa caatingae	1	1	1	CNCFlora/JBRJ	2019	BP-RLA/CNCFlora/JBRJ	'-18.644444'	'-44.0825'	WGS84	PreservedSpecimen	2012	Oliveira, ACC; Machado, ELM s.n.	Minas Gerais Presidente Juscelino Presidente Juscelino, Minas Gerais, Zona rural					N	N		HDJF843	s.n.	Oliveira, ACC; Machado, ELM		9	BRA	Minas Gerais Presidente Juscelino Presidente Juscelino, Minas Gerais, Zona rural														1	GC					urn:occurrence:e82206f3-b544-4772-bde8-d1d8f949b76c
Cyrtocarpa caatingae	1	1	1	CNCFlora/JBRJ	2019	BP-RLA/CNCFlora/JBRJ	'-15.70896181'	'-42.55136372'	WGS84	PreservedSpecimen	1988	Equipe Engevix s.n.	Minas Gerais Rio Pardo de Minas Catanduva.					N	N		BHCB14904	s.n.	Equipe Engevix	3	12	BRA	Minas Gerais Rio Pardo de Minas Catanduva.														1	GC					urn:occurrence:0c5be458-7b28-4c53-9fba-b0ea30429d64
Cyrtocarpa caatingae	1	1	1	CNCFlora/JBRJ	2019	BP-RLA/CNCFlora/JBRJ	'-14.884167'	'-43.7575'	WGS84	PreservedSpecimen	2016	Melo, P.H.A. 5314	Minas Gerais Matias Cardoso Horizonte do Gama, Lajedão. Lajedos e pequenos morros com afloramentos de calcário com campos de lapiás e grandes fendas com acúmulo de água na época da chuvosa.					N	N		HUEFS243205	5314	Melo, P.H.A.	19	8	BRA	Minas Gerais Matias Cardoso Horizonte do Gama, Lajedão. Lajedos e pequenos morros com afloramentos de calcário com campos de lapiás e grandes fendas com acúmulo de água na época da chuvosa.														1	GC					urn:occurrence:957d143b-d9e0-4f36-a495-6c80c75c0092
Cyrtocarpa caatingae	1	1	1	CNCFlora/JBRJ	2019	BP-RLA/CNCFlora/JBRJ	'-15.237554543937'	'-42.820917215344'	WGS84	PreservedSpecimen	1997	Hatschbach, G.; Ribas, O.S.; Deodato, F.; Ribas, O.S.; Deodato, F. 65725	Minas Gerais Monte Azul Serra do Espinhaço, subida via Montevidiu					N	N		MBM209561	65725	Hatschbach, G.; Ribas, O.S.; Deodato, F.; Ribas, O.S.; Deodato, F.	14	1	BRA	Minas Gerais Monte Azul Serra do Espinhaço, subida via Montevidiu														1	GC					urn:occurrence:3d092396-dbcc-4131-b642-663c0cf1e7c7
Cyrtocarpa caatingae	1	1	1	CNCFlora/JBRJ	2019	BP-RLA/CNCFlora/JBRJ	'-9.620693'	'-36.490703'	WGS84	PreservedSpecimen	2010	Chagas-Mota; 7615	Alagoas Taquarana Serra da Itapaiuna.					N	N		MAC0046111	7615	Chagas-Mota;	6	2	BRA	Alagoas Taquarana Serra da Itapaiuna.														1	GC					urn:occurrence:0138a5cb-e840-4ff4-8068-0be2ba0da141
Cyrtocarpa caatingae	1	1	1	CNCFlora/JBRJ	2019	BP-RLA/CNCFlora/JBRJ	'-14.0356292'	'-41.7518299'	WGS84	PreservedSpecimen	2009	Correia, C. 498	Bahia Brumado Distrito de Itaguaraí. Faz. Canal.					N	N		HUEFS161212	498	Correia, C.	14	9	BRA	Bahia Brumado Distrito de Itaguaraí. Faz. Canal.														1	GC					urn:occurrence:dcbbafb4-6d2c-4aff-801a-a34232da6157
Cyrtocarpa caatingae	1	1	1	CNCFlora/JBRJ	2019	BP-RLA/CNCFlora/JBRJ	'-12.906389'	'-46.548056'	WGS84	PreservedSpecimen	2008	Haidar, R.F. 1038	Tocantins Novo Alegre Sub-bacia do rio Palma					N	N		HUTO2386	1038	Haidar, R.F.	2	11	BRA	Tocantins Novo Alegre Sub-bacia do rio Palma														1	GC					urn:occurrence:a3082324-6c15-41d2-962a-1939190df09e
Cyrtocarpa caatingae	1	1	1	CNCFlora/JBRJ	2019	BP-RLA/CNCFlora/JBRJ	'-13.462222'	'-43.1375'	WGS84	PreservedSpecimen	2000	Queiroz, L.P.de 5932	Bahia Riacho de Santana ca. 35,9 km E de Bom Jesus da Lapa na estrada para Caetité.					N	N		HUEFS43679	5932	Queiroz, L.P.de	12	2	BRA	Bahia Riacho de Santana ca. 35,9 km E de Bom Jesus da Lapa na estrada para Caetité.														1	GC					urn:occurrence:c54f8371-d28e-4c16-9647-83e0e3e09f3f
Cyrtocarpa caatingae	1	1	1	CNCFlora/JBRJ	2019	BP-RLA/CNCFlora/JBRJ	'-10.267251504807'	'-40.198917415344'	WGS84	PreservedSpecimen	1972	Ramalho, F.B. 83	Bahia Jaguarari Fazenda Fonte Velha					N	N		IPA75908	83	Ramalho, F.B.	27	3	BRA	Bahia Jaguarari Fazenda Fonte Velha														1	GC					urn:occurrence:681a5355-9051-47a4-9605-55fa7c4803df
Cyrtocarpa caatingae	1	1	1	CNCFlora/JBRJ	2019	BP-RLA/CNCFlora/JBRJ	'-13.803333333333'	'-46.53'	WGS84	PreservedSpecimen	2001	Fonseca, ML;Oliveira, FCA,Mendonça, RC,Cardoso, E 2950	Goiás Guarani de Goiás Fazenda Forquilha, propriedade do Sr. Virgilato Francisco Neto. (Mata 3). Solo argiloso com afloramento de calcáreo. Relevo ondulado.					N	N		IBGE00053385	2950	Fonseca, ML;Oliveira, FCA,Mendonça, RC,Cardoso, E	18	10	BRA	Goiás Guarani de Goiás Fazenda Forquilha, propriedade do Sr. Virgilato Francisco Neto. (Mata 3). Solo argiloso com afloramento de calcáreo. Relevo ondulado.														1	GC					urn:occurrence:3dbce2a5-4e3e-44a0-a131-cda647472a84
Cyrtocarpa caatingae	1	1	1	CNCFlora/JBRJ	2019	BP-RLA/CNCFlora/JBRJ	'-14.188888888889'	'-48.344444444444'	WGS84	PreservedSpecimen	1996	Azevedo, MLM;Fonseca, ML,Oliveira, FCA,Magalhães, AT 1000	Goiás Niquelândia Cerca 40 km de Niquelândia / Codemin. Estrada para Rosariana. Solo laterítico. Relevo ondulado.					N	N		IBGE00039201	1000	Azevedo, MLM;Fonseca, ML,Oliveira, FCA,Magalhães, AT	28	6	BRA	Goiás Niquelândia Cerca 40 km de Niquelândia / Codemin. Estrada para Rosariana. Solo laterítico. Relevo ondulado.														1	GC					urn:occurrence:ab6968aa-c909-4f4d-96fd-bd0ef47d22ea
Cyrtocarpa caatingae	1	1	1	CNCFlora/JBRJ	2019	BP-RLA/CNCFlora/JBRJ	'-13.80065434'	'-47.01073395'	WGS84	PreservedSpecimen	1999	Machado, JWB; Santos, AA; Andahur, JP 303						N	N		SPF144610	303	Machado, JWB; Santos, AA; Andahur, JP	2	2	BRA															1	GC					urn:occurrence:c81787cd-6227-4e1a-b3e0-00206c2835de
Cyrtocarpa caatingae	1	1	1	CNCFlora/JBRJ	2019	BP-RLA/CNCFlora/JBRJ	'-15.498055555556'	'-44.457777777778'	WGS84	PreservedSpecimen	2015	D.R.Gonzaga;C.N.Fraga,R.C.C.Reis,T.E.C.Meneguzzo 469	Minas Gerais Januária Januária. Afloramento de Calcário.					N	N		RB00932228	469	D.R.Gonzaga;C.N.Fraga,R.C.C.Reis,T.E.C.Meneguzzo	9	2	BRA	Minas Gerais Januária Januária. Afloramento de Calcário.														1	GC					urn:occurrence:4f49f317-851e-4686-b35c-dd8df4d0cef3
Cyrtocarpa caatingae	1	1	1	CNCFlora/JBRJ	2019	BP-RLA/CNCFlora/JBRJ	'-14.85596557'	'-43.80606387'	WGS84	PreservedSpecimen	0	Melo, PHA; Góis, L; Castro, RM; Gato, R 2634	Minas Gerais Matias Cardoso APA Lajedão, comunidade do Lajedão (Horizonte do Gama), Morro Grande					N	N		ESAL13691	2634	Melo, PHA; Góis, L; Castro, RM; Gato, R			BRA	Minas Gerais Matias Cardoso APA Lajedão, comunidade do Lajedão (Horizonte do Gama), Morro Grande														1	GC					urn:occurrence:d7d683dc-1ebf-4d74-bbb0-4e3b25a858e3
Tabernaemontana muricata	1	1	1	CNCFlora/JBRJ	2019	BP-RLA/CNCFlora/JBRJ	'-3.006796'	'-59.940093'	WGS84	PreservedSpecimen	2017	Dávila, NC 6739	Amazonas Manaus Museu da Amazônia - MUSA, Trilha branca					N	N		INPA281700	6739	Dávila, NC	26	6	BRA	Amazonas Manaus Museu da Amazônia - MUSA, Trilha branca														1	GC					urn:occurrence:b28b1110-0a3d-4d03-89a2-1f90ab0bcbb1
Tabernaemontana muricata	1	1	1	CNCFlora/JBRJ	2019	BP-RLA/CNCFlora/JBRJ	'-2.8'	'-59.9'	WGS84	PreservedSpecimen	2008	Simões, AO 13/2008	Amazonas Manaus Reserva Florestal Adolfo Ducke, Reserva Ducke					N	N		INPA228014	13/2008	Simões, AO	25	9	BRA	Amazonas Manaus Reserva Florestal Adolfo Ducke, Reserva Ducke														1	GC					urn:occurrence:aed8636b-059a-4dd6-8848-1c6161ccdbfb
Tabernaemontana muricata	1	1	1	CNCFlora/JBRJ	2019	BP-RLA/CNCFlora/JBRJ	'-2.536873616'	'-60.39203249'	WGS84	PreservedSpecimen	1955	Francisco Mello Mello 4014	Amazonas Manaus Firme, arenoso, capoeira alta					N	N		MOBOT2818858	Mello 4014	Francisco Mello	31	7	BRA	Amazonas Manaus Firme, arenoso, capoeira alta														1	GC					urn:occurrence:93d8e96d-a0b6-484b-bcc5-0c242dbc6e89
Tabernaemontana muricata	1	1	1	CNCFlora/JBRJ	2019	BP-RLA/CNCFlora/JBRJ	'-2.768745'	'-59.922443'	WGS84	PreservedSpecimen	1974	Prance, GT 22609	Amazonas Manaus AM 010, km 29. CEPLAC Reserva, CEPLAC. Forest on terra firme.					N	N		INPA46607	22609	Prance, GT	2	9	BRA	Amazonas Manaus AM 010, km 29. CEPLAC Reserva, CEPLAC. Forest on terra firme.														1	GC					urn:occurrence:00d06d1b-4ed8-4a44-86a7-246eb015a276
Tabernaemontana muricata	1	1	1	CNCFlora/JBRJ	2019	BP-RLA/CNCFlora/JBRJ	'-6.459437567'	'-61.44661164'	WGS84	PreservedSpecimen	0	B. A. Krukoff 6067						N	N		USw7461	6067	B. A. Krukoff			BRA															1	GC					urn:occurrence:bf2f9b04-c624-4ca3-b55e-b48788a87ed8
Tabernaemontana muricata	1	1	1	CNCFlora/JBRJ	2019	BP-RLA/CNCFlora/JBRJ	'-2.958918'	'-59.927558'	WGS84	PreservedSpecimen	1996	Sothers, CA 892	Amazonas Manaus Reserva Florestal Adolfo Ducke					N	N		INPA189614	892	Sothers, CA	9	8	BRA	Amazonas Manaus Reserva Florestal Adolfo Ducke														1	GC					urn:occurrence:c088256e-8112-4b96-9918-37298a588fc3
Tabernaemontana muricata	1	1	1	CNCFlora/JBRJ	2019	BP-RLA/CNCFlora/JBRJ	'-4.555322907'	'-69.91372093'	WGS84	PreservedSpecimen	1962	Duarte, AP 6875	Amazonas Benjamin Constant Alto Solimões, Benjamin Constant, Alto Solimões, margem de igarapé.					N	N		INPA102616	6875	Duarte, AP	7	8	BRA	Amazonas Benjamin Constant Alto Solimões, Benjamin Constant, Alto Solimões, margem de igarapé.														1	GC					urn:occurrence:35ac6aff-4d53-4a3b-80a2-594d495490f2
Tabernaemontana muricata	1	1	1	CNCFlora/JBRJ	2019	BP-RLA/CNCFlora/JBRJ	'-3.1963'	'-60.040047'	WGS84	PreservedSpecimen	1961	Rodrigues, WA 2484	Amazonas Iranduba Lago do Janauarí., Lago do Janauarí, margem direita do Rio Negro. Igapó.					N	N		INPA8990	2484	Rodrigues, WA	5	5	BRA	Amazonas Iranduba Lago do Janauarí., Lago do Janauarí, margem direita do Rio Negro. Igapó.														1	GC					urn:occurrence:ccd87ec1-f596-4048-b066-a48ea8fdacfa
Tabernaemontana muricata	1	1	1	CNCFlora/JBRJ	2019	BP-RLA/CNCFlora/JBRJ	'-3.096111'	'-59.985833'	WGS84	PreservedSpecimen	1976	Silva, MF da 1960	Amazonas Manaus Campus do INPA, Estrada do Aleixo Km 3					N	N		INPA55718	1960	Silva, MF da		2	BRA	Amazonas Manaus Campus do INPA, Estrada do Aleixo Km 3														1	GC					urn:occurrence:319fb0f6-1a10-41db-b394-baf2be34fadf
Tabernaemontana muricata	1	1	1	CNCFlora/JBRJ	2019	BP-RLA/CNCFlora/JBRJ	'-3.085061'	'-59.93016'	WGS84	PreservedSpecimen	1973	Prance, GT 18768	Amazonas Manaus Estrada do Aleixo, ground of Compania das Plantações					N	N		NYBG1252474	18768	Prance, GT	30	8	BRA	Amazonas Manaus Estrada do Aleixo, ground of Compania das Plantações														1	GC					urn:occurrence:441045fc-abdb-4c0a-9fef-f222d5bddf4f
Tabernaemontana muricata	1	1	1	CNCFlora/JBRJ	2019	BP-RLA/CNCFlora/JBRJ	'-2.536874'	'-60.392032'	WGS84	PreservedSpecimen	1961	Rodrigues, WA 2361a	Amazonas Manaus Km 50 da estrada Manaus-Itacoatiara., Km 50 da estrada Manaus-Itacoatiara. Terra firme, solo argiloso.					N	N		INPA9709	2361a	Rodrigues, WA	23	8	BRA	Amazonas Manaus Km 50 da estrada Manaus-Itacoatiara., Km 50 da estrada Manaus-Itacoatiara. Terra firme, solo argiloso.														1	GC					urn:occurrence:2896ebbe-4a5d-4b42-9b5a-87fae5f8625c
Tabernaemontana muricata	1	1	1	CNCFlora/JBRJ	2019	BP-RLA/CNCFlora/JBRJ	'-4.855308'	'-64.439781'	WGS84	PreservedSpecimen	1955	Coêlho, LF INPA1204	Amazonas Coari Igarapé do Passarinho, Margem do igarapé do Passarinho.					N	N		INPA1204	INPA1204	Coêlho, LF	17	6	BRA	Amazonas Coari Igarapé do Passarinho, Margem do igarapé do Passarinho.														1	GC					urn:occurrence:0387c1b0-dd8c-4a83-8ac1-5f58a1636288
Tabernaemontana muricata	1	1	1	CNCFlora/JBRJ	2019	BP-RLA/CNCFlora/JBRJ	'-2.957645'	'-59.924508'	WGS84	PreservedSpecimen	1994	Flores Arévalo, M 525	Amazonas Manaus Reserva Florestal Adolfo Ducke, Margem da estrada AM-010, Manaus-Itacoatiara					N	N		INPA183165	525	Flores Arévalo, M	7	8	BRA	Amazonas Manaus Reserva Florestal Adolfo Ducke, Margem da estrada AM-010, Manaus-Itacoatiara														1	GC					urn:occurrence:02ea8cb9-5655-430c-b3df-5a9acb9c362a
Tabernaemontana muricata	1	1	1	CNCFlora/JBRJ	2019	BP-RLA/CNCFlora/JBRJ	'-2.536873616'	'-60.39203249'	WGS84	PreservedSpecimen	1942	Ducke, A 984	Amazonas Manaus Cachoeira Grande, capoeira, terra firme.					N	N		IAN10530	984	Ducke, A	9	8	BRA	Amazonas Manaus Cachoeira Grande, capoeira, terra firme.														1	GC					urn:occurrence:3d65708a-dde4-4e64-957d-ac10c9038ebd
Tabernaemontana muricata	1	1	1	CNCFlora/JBRJ	2019	BP-RLA/CNCFlora/JBRJ	'-3.134434'	'-60.029894'	WGS84	PreservedSpecimen	1851	R. Spruce 1470	Amazonas Manaus Prope Barra [Manaus], Prov. Rio Negro					N	N		NY8335	1470	R. Spruce	1	8	BRA	Amazonas Manaus Prope Barra [Manaus], Prov. Rio Negro														1	GC					urn:occurrence:f3f7d3d0-172e-4107-bf4c-cfe887c034ea
Tabernaemontana muricata	1	1	1	CNCFlora/JBRJ	2019	BP-RLA/CNCFlora/JBRJ	'-2.8275'	'-60.508888888889'	WGS84	PreservedSpecimen	1971	Prance, GT 14912	Amazonas Manaus Rio Cuieras just below mouth of Rio Brancinho					N	N		NY01252476	14912	Prance, GT	26	9	BRA	Amazonas Manaus Rio Cuieras just below mouth of Rio Brancinho														1	GC					urn:occurrence:8721c702-07bc-4906-9bcd-7af74dbf95a5
Tabernaemontana muricata	1	1	1	CNCFlora/JBRJ	2019	BP-RLA/CNCFlora/JBRJ	'-2.536873616'	'-60.39203249'	WGS84	PreservedSpecimen	1961	Rodrigues, WA 2354	Amazonas Manaus Igarape do Matrichã., Igarapé do Matrichão. Terra firme, solo arenoso.					N	N		INPA8767	2354	Rodrigues, WA	12	4	BRA	Amazonas Manaus Igarape do Matrichã., Igarapé do Matrichão. Terra firme, solo arenoso.														1	GC					urn:occurrence:943fbe35-abb6-4351-a92b-b874fdd1c248
Tabernaemontana muricata	1	1	1	CNCFlora/JBRJ	2019	BP-RLA/CNCFlora/JBRJ	'-2.536873616'	'-60.39203249'	WGS84	PreservedSpecimen	1956	Melo, F.; 4014	Amazonas Manaus Manaus					N	N		MG024919	4014	Melo, F.;	21	7	BRA	Amazonas Manaus Manaus														1	GC					urn:occurrence:85341959-ce7d-46f5-aa1d-18b4b7200c5d
Tabernaemontana muricata	1	1	1	CNCFlora/JBRJ	2019	BP-RLA/CNCFlora/JBRJ	'-3.011004'	'-60.196626'	WGS84	PreservedSpecimen	1943	A. Ducke 1290	Amazonas Manaus Rio Turumá - mirim, MAta de Terra firme, perto da campina cerrada.					N	N		RB00047350	1290	A. Ducke	17	7	BRA	Amazonas Manaus Rio Turumá - mirim, MAta de Terra firme, perto da campina cerrada.														1	GC					urn:occurrence:f354308d-75b8-49a5-b494-0d6785ea9524
Tabernaemontana muricata	1	1	1	CNCFlora/JBRJ	2019	BP-RLA/CNCFlora/JBRJ	'-2.413083'	'-59.739583'	WGS84	PreservedSpecimen	1991	Freitas MA de; et al.	Amazonas Rio Preto da Eva Amazonas: Distrito Agropecuario, Reserve 1501 (Km 41).					N	N		WAG.1673102		Freitas MA de; et al.	10	7	BRA	Amazonas Rio Preto da Eva Amazonas: Distrito Agropecuario, Reserve 1501 (Km 41).														1	GC					urn:occurrence:b7a50a3b-dd7b-43c8-a83b-c180d93b67bf
Tabernaemontana muricata	1	1	1	CNCFlora/JBRJ	2019	BP-RLA/CNCFlora/JBRJ	'-2.923011'	'-58.988092'	WGS84	PreservedSpecimen	1982	Coêlho, DF INPA113118	Amazonas Itacoatiara AM 010, km 193, Sítio Negro Velho, Estrada Manaus-Itacoatiara, Km 193, Sítio Negro Velho.					N	N		INPA113118	INPA113118	Coêlho, DF	24	10	BRA	Amazonas Itacoatiara AM 010, km 193, Sítio Negro Velho, Estrada Manaus-Itacoatiara, Km 193, Sítio Negro Velho.														1	GC					urn:occurrence:122d1b82-1632-4739-9d29-e0a73fbd74d4
Tabernaemontana muricata	1	1	1	CNCFlora/JBRJ	2019	BP-RLA/CNCFlora/JBRJ	'-2.960467'	'-59.931533'	WGS84	PreservedSpecimen	1995	Oliveira A.A. de ; Assunção P.A.C.L. 2809	Amazonas Manaus Reserva Ducke. Amazonas. Reserva Florstal Ducke, Manaus-Itacoatiara, Km 26. Floresta de Plato.					N	N		WAG.1673098	2809	Oliveira A.A. de ; Assunção P.A.C.L.	1	8	BRA	Amazonas Manaus Reserva Ducke. Amazonas. Reserva Florstal Ducke, Manaus-Itacoatiara, Km 26. Floresta de Plato.														1	GC					urn:occurrence:5279cfd3-e50d-4b26-b220-2035064ec1b8
Tabernaemontana muricata	1	1	1	CNCFlora/JBRJ	2019	BP-RLA/CNCFlora/JBRJ	'-3.033333'	'-58.716667'	WGS84	PreservedSpecimen	2000	Anunciação, EA 821	Amazonas Itacoatiara AM 010, km 227, MIL-Madeireiras, Rodovia AM-010, Manaus-Itacoatiara, km 227, MIL-Madeireira (Madeireira-Itacoatiara Ltda.), compartimento N					N	N		INPA207882	821	Anunciação, EA	7	3	BRA	Amazonas Itacoatiara AM 010, km 227, MIL-Madeireiras, Rodovia AM-010, Manaus-Itacoatiara, km 227, MIL-Madeireira (Madeireira-Itacoatiara Ltda.), compartimento N														1	GC					urn:occurrence:491b16b5-ef92-495f-9455-f5fa751358e6
Tabernaemontana muricata	1	1	1	CNCFlora/JBRJ	2019	BP-RLA/CNCFlora/JBRJ	'-1.694263'	'-56.448999'	WGS84	PreservedSpecimen	1980	Ferreira, CAC 1437	Pará Oriximiná Rio Trombetas, Rio Trombetas, margem direita, estrada da Mineração Santa Patricia, ramal 22.					N	N		INPA94938	1437	Ferreira, CAC	10	7	BRA	Pará Oriximiná Rio Trombetas, Rio Trombetas, margem direita, estrada da Mineração Santa Patricia, ramal 22.														1	GC					urn:occurrence:b457d9c2-0945-4866-a32d-2c3fbc1e9d77
Tabernaemontana muricata	1	1	1	CNCFlora/JBRJ	2019	BP-RLA/CNCFlora/JBRJ	'-2.843056'	'-54.975556'	WGS84	PreservedSpecimen	2004	Mary, C.; s.c. 177	Pará Belterra Floresta Nacional do Tapajós.					N	N		HSTM4214	177	Mary, C.; s.c.	26	9	BRA	Pará Belterra Floresta Nacional do Tapajós.														1	GC					urn:occurrence:9dad9a70-4e3a-4575-aec8-9751ac39dd22
Tabernaemontana muricata	1	1	1	CNCFlora/JBRJ	2019	BP-RLA/CNCFlora/JBRJ	'-3.134334'	'-60.029456'	WGS84	PreservedSpecimen	1851	R. Spruce	Amazonas Manaus Barra [Manaus]					N	N		General1091141		R. Spruce	1	8	BRA	Amazonas Manaus Barra [Manaus]														1	GC					urn:occurrence:789b6762-3386-4e43-8d5a-e247f3bae871
Tabernaemontana muricata	1	1	1	CNCFlora/JBRJ	2019	BP-RLA/CNCFlora/JBRJ	'-2.916667'	'-60.233333'	WGS84	PreservedSpecimen	1985	Gottsberger IS	Amazonas Manaus State of Amazonas. Tarum Acu Rio Negro, 70 km W of Manaus.					N	N		WAG.1673103		Gottsberger IS	29	9	BRA	Amazonas Manaus State of Amazonas. Tarum Acu Rio Negro, 70 km W of Manaus.														1	GC					urn:occurrence:f829c82c-ae79-46d0-8630-fd29a536732c
Tabernaemontana muricata	1	1	1	CNCFlora/JBRJ	2019	BP-RLA/CNCFlora/JBRJ	'-2.536873616'	'-60.39203249'	WGS84	PreservedSpecimen	1966							N	N		R118180		Prance, G.T. 2195; Pena, B.S.; Ramos, J.F. ; Monteiro, O.P.	6	9	BRA															1	GC					urn:occurrence:e9fc5589-6601-4bd1-b5ca-1218336866e5
Tabernaemontana muricata	1	1	1	CNCFlora/JBRJ	2019	BP-RLA/CNCFlora/JBRJ	'-2.87'	'-60.03'	WGS84	PreservedSpecimen	1961	Rodrigues, WA 2769	Amazonas Manaus Cachoeira Alta do Tarumã., Cachoeira Alta do Tarumã. Terra firme, solo argiloso.					N	N		INPA9312	2769	Rodrigues, WA	12	6	BRA	Amazonas Manaus Cachoeira Alta do Tarumã., Cachoeira Alta do Tarumã. Terra firme, solo argiloso.														1	GC					urn:occurrence:896c3fd2-54bc-4247-9d65-8be058f37366
Tabernaemontana muricata	1	1	1	CNCFlora/JBRJ	2019	BP-RLA/CNCFlora/JBRJ	'-2.5636'	'-60.3208'	WGS84	PreservedSpecimen	1973	Prance, GT 17771	Amazonas Manaus Rio Branquinho, 2 kms above junction with Cuieiras, 2 Km below mouth of Rio Brancinho. Forest on terra firme.					N	N		INPA41075	17771	Prance, GT	11	9	BRA	Amazonas Manaus Rio Branquinho, 2 kms above junction with Cuieiras, 2 Km below mouth of Rio Brancinho. Forest on terra firme.														1	GC					urn:occurrence:372e1935-a0d9-4307-b0ad-b89ff9018194
Tabernaemontana muricata	1	1	1	CNCFlora/JBRJ	2019	BP-RLA/CNCFlora/JBRJ	'-2.958523'	'-59.924902'	WGS84	PreservedSpecimen	1966	A. P. Ducke 9833	Amazonas Manaus Reseva Ducke.					N	N		RB00047379	9833	A. P. Ducke	22	7	BRA	Amazonas Manaus Reseva Ducke.														1	GC					urn:occurrence:75a201ff-736b-4291-ad4d-9748daf70cfa
Tabernaemontana muricata	1	1	1	CNCFlora/JBRJ	2019	BP-RLA/CNCFlora/JBRJ	'-3.428105'	'-60.833229'	WGS84	PreservedSpecimen	1967	Silva, M.G. da; 730	Amazonas Manacapuru Rio Solimões					N	N		MG032578	730	Silva, M.G. da;	30	3	BRA	Amazonas Manacapuru Rio Solimões														1	GC					urn:occurrence:e448a6b0-03d1-40d7-82f9-f39d65638c26
Tabernaemontana muricata	1	1	1	CNCFlora/JBRJ	2019	BP-RLA/CNCFlora/JBRJ	'-2.925361'	'-59.97'	WGS84	PreservedSpecimen	2010	Antonelli, A.M. 464	Amazonas Manaus Along road between entrance and station and around.					N	N		INPA255685	464	Antonelli, A.M.	31	8	BRA	Amazonas Manaus Along road between entrance and station and around.														1	GC					urn:occurrence:13137cad-db4a-42e0-84d5-e409e37cb14c
Tabernaemontana muricata	1	1	1	CNCFlora/JBRJ	2019	BP-RLA/CNCFlora/JBRJ	'-2.3166666666667'	'-60.083333333333'	WGS84	PreservedSpecimen	1992	M. Nee; 42995	Amazonas Manaus Ca. 90 km N de Manaus, Distrito Agropecuário da Suframa, Rodovia BR 174, km 72, depois 6 km oeste da BR, Fazenda Dimona.					N	N		K000989408	42995	M. Nee;	16	7	BRA	Amazonas Manaus Ca. 90 km N de Manaus, Distrito Agropecuário da Suframa, Rodovia BR 174, km 72, depois 6 km oeste da BR, Fazenda Dimona.														1	GC					urn:occurrence:5691d299-5fb3-46e2-b43f-f156471b6576
Tabernaemontana muricata	1	1	1	CNCFlora/JBRJ	2019	BP-RLA/CNCFlora/JBRJ	'-3.038316'	'-60.009035'	WGS84	PreservedSpecimen	1970	Rodrigues, W.; Jaccoud, R.; Jaccoud, R. 8880	Amazonas Manaus Colônia Santo Antonio					N	N		IPA53583	8880	Rodrigues, W.; Jaccoud, R.; Jaccoud, R.		9	BRA	Amazonas Manaus Colônia Santo Antonio														1	GC					urn:occurrence:62aa6565-9082-43d9-8144-80e79ef7c0f1
Tabernaemontana muricata	1	1	1	CNCFlora/JBRJ	2019	BP-RLA/CNCFlora/JBRJ	'-2.8'	'-60.466667'	WGS84	PreservedSpecimen	1986	Grenard, MP 2424	Amazonas Manaus Rio Cuieiras, Rio Cuieiras. Forêt secondaire de 3 ans.					N	N		INPA133227	2424	Grenard, MP	16	7	BRA	Amazonas Manaus Rio Cuieiras, Rio Cuieiras. Forêt secondaire de 3 ans.														1	GC					urn:occurrence:2912df68-4392-4824-ab2e-f3670dcf9cc5
Tabernaemontana muricata	1	1	1	CNCFlora/JBRJ	2019	BP-RLA/CNCFlora/JBRJ	'-2.957836'	'-59.927313'	WGS84	PreservedSpecimen	1964	Rodrigues, WA 5912	Amazonas Manaus Reserva Florestal Adolfo Ducke, Reserva Florestal Ducke, próximo a Estação Metereológica. Mata de terra firme, solo argiloso.					N	N		INPA14856	5912	Rodrigues, WA	16	6	BRA	Amazonas Manaus Reserva Florestal Adolfo Ducke, Reserva Florestal Ducke, próximo a Estação Metereológica. Mata de terra firme, solo argiloso.														1	GC					urn:occurrence:01b1094f-d48f-4ae1-a21d-8490216cfb00
Tabernaemontana muricata	1	1	1	CNCFlora/JBRJ	2019	BP-RLA/CNCFlora/JBRJ	'-3.006694'	'-59.940139'	WGS84	PreservedSpecimen	2018	Reis, NM 7	Amazonas Manaus Reserva Florestal Adolfo Ducke, Trilha amarela					N	N		INPA284243	7	Reis, NM	12	6	BRA	Amazonas Manaus Reserva Florestal Adolfo Ducke, Trilha amarela														1	GC					urn:occurrence:1b5a6188-2421-4565-bb9e-c143b269e6a9
Tabernaemontana muricata	1	1	1	CNCFlora/JBRJ	2019	BP-RLA/CNCFlora/JBRJ	'-2.536873616'	'-60.39203249'	WGS84	PreservedSpecimen	1961	Rodrigues, WA 3347	Amazonas Manaus Furo do Paracuúba, margem direita do rio Negro, Furo do Paracuúba, margem direita do Rio Negro. Terra firme, solo argiloso.					N	N		INPA9896	3347	Rodrigues, WA	2	10	BRA	Amazonas Manaus Furo do Paracuúba, margem direita do rio Negro, Furo do Paracuúba, margem direita do Rio Negro. Terra firme, solo argiloso.														1	GC					urn:occurrence:54aaea88-dfd7-46fa-806a-97e6112cd9ae
Tabernaemontana muricata	1	1	1	CNCFlora/JBRJ	2019	BP-RLA/CNCFlora/JBRJ	'-3.005119'	'-60.106931'	WGS84	PreservedSpecimen	1984	Miranda, FEL de 840	Amazonas Manaus Tarumã, Tarumã, caminho para a Cachoeira das Almas.					N	N		INPA119530	840	Miranda, FEL de	7	6	BRA	Amazonas Manaus Tarumã, Tarumã, caminho para a Cachoeira das Almas.														1	GC					urn:occurrence:4ca1bda4-6f00-451c-82a4-8c73930b538b
Tabernaemontana muricata	1	1	1	CNCFlora/JBRJ	2019	BP-RLA/CNCFlora/JBRJ	'-2.420822'	'-59.743544'	WGS84	PreservedSpecimen	1991	M. A. de Freitas 809	Amazonas Rio Preto da Eva Dist. Agropecuário, Reserve 1501 (km 41)					N	N		NYBG1252478	809	M. A. de Freitas	18	7	BRA	Amazonas Rio Preto da Eva Dist. Agropecuário, Reserve 1501 (km 41)														1	GC					urn:occurrence:d6e96413-4b35-4d72-823b-ee080dc55c5c
Tabernaemontana muricata	1	1	1	CNCFlora/JBRJ	2019	BP-RLA/CNCFlora/JBRJ	'-2.961791'	'-59.921371'	WGS84	PreservedSpecimen	1996	Sothers CA; Silva CF da; Pereira E da C.	Amazonas Manaus Reserva Florestal Ducke, Manaus-Itacoatiara, km 26.					N	N		WAG.1673100		Sothers CA; Silva CF da; Pereira E da C.	9	8	BRA	Amazonas Manaus Reserva Florestal Ducke, Manaus-Itacoatiara, km 26.														1	GC					urn:occurrence:b395991f-75dd-4b54-a758-a94b8a4ee7b5
Tabernaemontana muricata	1	1	1	CNCFlora/JBRJ	2019	BP-RLA/CNCFlora/JBRJ	'-3.116667'	'-59.916667'	WGS84	PreservedSpecimen	1972	Silva, MF da 119	Amazonas Manaus Porto Mauá, Na beira da mata.					N	N		INPA35571	119	Silva, MF da	26	5	BRA	Amazonas Manaus Porto Mauá, Na beira da mata.														1	GC					urn:occurrence:845ab480-c122-43de-91b9-b8e8af1637e1
Tabernaemontana muricata	1	1	1	CNCFlora/JBRJ	2019	BP-RLA/CNCFlora/JBRJ	'-2.95791'	'-59.929743'	WGS84	PreservedSpecimen	1936							N	N		RB00047338		A. Ducke	10	5	BRA															1	GC					urn:occurrence:a871026d-df04-4db3-9665-cac86a1f67ad
Tabernaemontana muricata	1	1	1	CNCFlora/JBRJ	2019	BP-RLA/CNCFlora/JBRJ	'-1.5'	'-59.5'	WGS84	PreservedSpecimen	1986	C.A.C. Ferreira;et al. 8210	Amazonas Presidente Figueiredo AM. 08km da Vila Residencial Atroarí. Canteiro de obras de Balbina.					N	N		K000989403	8210	C.A.C. Ferreira;et al.	19	9	BRA	Amazonas Presidente Figueiredo AM. 08km da Vila Residencial Atroarí. Canteiro de obras de Balbina.														1	GC					urn:occurrence:37de65aa-54cf-4c78-b3a8-3b189b191b32
Tabernaemontana muricata	1	1	1	CNCFlora/JBRJ	2019	BP-RLA/CNCFlora/JBRJ	'-2.957143'	'-59.929928'	WGS84	PreservedSpecimen	1994	J.E.L.S. Ribeiro;E. Pereira,A. Vicentini,J.R. Nascimento 1286	Amazonas Manaus Reserva Florestal Ducke, Manaus-Itacoatiara, km26.					N	N		K000989412	1286	J.E.L.S. Ribeiro;E. Pereira,A. Vicentini,J.R. Nascimento	27	4	BRA	Amazonas Manaus Reserva Florestal Ducke, Manaus-Itacoatiara, km26.														1	GC					urn:occurrence:d7c28284-8d09-426f-bba0-6590308c888a
Tabernaemontana muricata	1	1	1	CNCFlora/JBRJ	2019	BP-RLA/CNCFlora/JBRJ	'-3.082336'	'-59.928461'	WGS84	PreservedSpecimen	1959	WILLIAM WILLIAM 1238	Amazonas Manaus Sucuuiba da miuda-proximidades do igarape do Buido.					N	N		MOBOT2819133	WILLIAM 1238	WILLIAM	3	8	BRA	Amazonas Manaus Sucuuiba da miuda-proximidades do igarape do Buido.														1	GC					urn:occurrence:cf04caf8-836c-4de5-bb95-852e8de29dea
Tabernaemontana muricata	1	1	1	CNCFlora/JBRJ	2019	BP-RLA/CNCFlora/JBRJ	'-2.910002'	'-60.05'	WGS84	PreservedSpecimen	1961	Rodrigues, WA 2392	Amazonas Manaus BR174, Km 8, Km 8 da BR 17. Terra firme, solo argiloso, capoeira.					N	N		INPA8806	2392	Rodrigues, WA	18	4	BRA	Amazonas Manaus BR174, Km 8, Km 8 da BR 17. Terra firme, solo argiloso, capoeira.														1	GC					urn:occurrence:2bf75011-a26b-46a2-aa9b-1e6a858313ef
Tabernaemontana muricata	1	1	1	CNCFlora/JBRJ	2019	BP-RLA/CNCFlora/JBRJ	'-2.959647'	'-59.928046'	WGS84	PreservedSpecimen	1993	Ribeiro, JELS 1124	Amazonas Manaus Reserva Florestal Adolfo Ducke, Igarapé do Tinga.					N	N		INPA180488	1124	Ribeiro, JELS	12	8	BRA	Amazonas Manaus Reserva Florestal Adolfo Ducke, Igarapé do Tinga.														1	GC					urn:occurrence:8190327e-940e-4e77-8dd0-81dfe912dabc
Tabernaemontana muricata	1	1	1	CNCFlora/JBRJ	2019	BP-RLA/CNCFlora/JBRJ	'-4.860325'	'-64.443084'	WGS84	PreservedSpecimen	1956	Coêlho, DF INPA3843	Amazonas Coari Igarapé do Passarinho, Igarapé do Passarinho.					N	N		INPA3843	INPA3843	Coêlho, DF	18	5	BRA	Amazonas Coari Igarapé do Passarinho, Igarapé do Passarinho.														1	GC					urn:occurrence:e451c21f-8bd1-45ac-99b8-38fc6747563a
Tabernaemontana muricata	1	1	1	CNCFlora/JBRJ	2019	BP-RLA/CNCFlora/JBRJ	'-2.536874'	'-60.392032'	WGS84	PreservedSpecimen	1961	Rodrigues, W.A. ; Chagas, J. 2124	Amazonas Manaus Km 8 da BR 17. Terra argiloso, capoeira.					N	N		INPA8505	2124	Rodrigues, W.A. ; Chagas, J.	8	2	BRA	Amazonas Manaus Km 8 da BR 17. Terra argiloso, capoeira.														1	GC					urn:occurrence:727e6788-afcd-4107-b1ee-01b6582cd7b2
Tabernaemontana muricata	1	1	1	CNCFlora/JBRJ	2019	BP-RLA/CNCFlora/JBRJ	'-1.917429'	'-59.512047'	WGS84	PreservedSpecimen	1983	Santos, JL dos 643	Amazonas Presidente Figueiredo Rio Uatumã, Portos de Areias, Rio Uatumã, estrada que dá acesso aos Portos de Areias, abaixo da barragem, margem esquerda do rio Uatumã, a 2 Km da estrada. Mata que pode ser inundada temporariamente, solo argiloso.					N	N		INPA113671	643	Santos, JL dos	16	11	BRA	Amazonas Presidente Figueiredo Rio Uatumã, Portos de Areias, Rio Uatumã, estrada que dá acesso aos Portos de Areias, abaixo da barragem, margem esquerda do rio Uatumã, a 2 Km da estrada. Mata que pode ser inundada temporariamente, solo argiloso.														1	GC					urn:occurrence:28a664c8-7842-4192-bdf8-5f193089096d
Tabernaemontana muricata	1	1	1	CNCFlora/JBRJ	2019	BP-RLA/CNCFlora/JBRJ	'-4.567111187'	'-64.08144447'	WGS84	PreservedSpecimen	1971	Coelho, L. 119	Amazonas Coari Igapó					N	N		MBM79247	119	Coelho, L.	9	3	BRA	Amazonas Coari Igapó														1	GC					urn:occurrence:151f2044-e761-4498-9663-2a5f6c05eca6
Tabernaemontana muricata	1	1	1	CNCFlora/JBRJ	2019	BP-RLA/CNCFlora/JBRJ	'-2.958341'	'-59.926997'	WGS84	PreservedSpecimen	1994	Ramos, JF 2845	Amazonas Manaus Reserva Florestal Adolfo Ducke					N	N		INPA180481	2845	Ramos, JF	16	6	BRA	Amazonas Manaus Reserva Florestal Adolfo Ducke														1	GC					urn:occurrence:025e3e19-60d9-4322-b07f-f22bb413e8a9
Tabernaemontana muricata	1	1	1	CNCFlora/JBRJ	2019	BP-RLA/CNCFlora/JBRJ	'-2.536873616'	'-60.39203249'	WGS84	PreservedSpecimen	1948	Corner, EJH 87	Amazonas Manaus Near Flores.					N	N		IAN42474	87	Corner, EJH		8	BRA	Amazonas Manaus Near Flores.														1	GC					urn:occurrence:20f53a4b-d3b9-454e-b866-3c2a808ff6dd
Tabernaemontana muricata	1	1	1	CNCFlora/JBRJ	2019	BP-RLA/CNCFlora/JBRJ	'-2.6491666666667'	'-59.578055555556'	WGS84	PreservedSpecimen	1975	Prance, GT 23382	Amazonas Rio Preto da Eva Rio Preto da Eva, Manaus-Itacoatiara, km 80					N	N		NY01252472	23382	Prance, GT	18	4	BRA	Amazonas Rio Preto da Eva Rio Preto da Eva, Manaus-Itacoatiara, km 80														1	GC					urn:occurrence:ca97acf0-3f5a-4eb0-b80c-90b53f69349d
Tabernaemontana muricata	1	1	1	CNCFlora/JBRJ	2019	BP-RLA/CNCFlora/JBRJ	'-3.05'	'-60.1'	WGS84	PreservedSpecimen	1973	Albuquerque, BWP de INPA50111	Amazonas Manaus Ponta Negra, Estrada da Ponta Negra, Jardim Zoológico do COSAC. Bosque, solo argilo arenoso.					N	N		INPA50111	INPA50111	Albuquerque, BWP de	4	4	BRA	Amazonas Manaus Ponta Negra, Estrada da Ponta Negra, Jardim Zoológico do COSAC. Bosque, solo argilo arenoso.														1	GC					urn:occurrence:efa7f10e-7a3c-444b-bbf9-5f77c1245c81
Tabernaemontana muricata	1	1	1	CNCFlora/JBRJ	2019	BP-RLA/CNCFlora/JBRJ	'-2.959305'	'-59.925296'	WGS84	PreservedSpecimen	1966	Prance, GT 2195	Amazonas Manaus Reserva Florestal Adolfo Ducke, Reserva Florestal Ducke, Km 26. Forest on terra firme. Clay soil.					N	N		INPA17755	2195	Prance, GT	6	9	BRA	Amazonas Manaus Reserva Florestal Adolfo Ducke, Reserva Florestal Ducke, Km 26. Forest on terra firme. Clay soil.														1	GC					urn:occurrence:ff559d56-970b-49cf-8659-f006ece77e96
Tabernaemontana muricata	1	1	1	CNCFlora/JBRJ	2019	BP-RLA/CNCFlora/JBRJ	'-0.22111111111111'	'-55.165833333333'	WGS84	PreservedSpecimen	1981	J.J. Strudwick; 4181	Pará Alenquer Sete Varas airstrip on Rio Curua.					N	N		NY01252470	4181	J.J. Strudwick;	5	8	BRA	Pará Alenquer Sete Varas airstrip on Rio Curua.														1	GC					urn:occurrence:282271f8-9fba-4621-a667-033386c1db6a
Tabernaemontana muricata	1	1	1	CNCFlora/JBRJ	2019	BP-RLA/CNCFlora/JBRJ	'-1.443438'	'-48.437848'	WGS84	PreservedSpecimen	1957	Edmundo Pereira 3314	Pará Belém Istituto Agronômico do norte.					N	N		RB00047372	3314	Edmundo Pereira	16	10	BRA	Pará Belém Istituto Agronômico do norte.														1	GC					urn:occurrence:d0efe4db-4a7d-474c-a24a-81f53a2aa4a1
Tabernaemontana muricata	1	1	1	CNCFlora/JBRJ	2019	BP-RLA/CNCFlora/JBRJ	'-4.792901'	'-51.833353'	WGS84	PreservedSpecimen	1984	Almeida, S.S. de; 65	Pará Senador José Porfírio Senador José Porfírio					N	N		MG111534	65	Almeida, S.S. de;	3	10	BRA	Pará Senador José Porfírio Senador José Porfírio														1	GC					urn:occurrence:e24aec21-1312-45c8-a99a-8036a1920d50
Tabernaemontana muricata	1	1	1	CNCFlora/JBRJ	2019	BP-RLA/CNCFlora/JBRJ	'-2.536873616'	'-60.39203249'	WGS84	PreservedSpecimen	1955	LUIS LUIS 1204	Amazonas Manaus Firme, arenoso; capoeira					N	N		MOBOT2822210	LUIS 1204	LUIS	17	6	BRA	Amazonas Manaus Firme, arenoso; capoeira														1	GC					urn:occurrence:8380adbd-b96b-4051-b94e-6b532b45e824
Tabernaemontana muricata	1	1	1	CNCFlora/JBRJ	2019	BP-RLA/CNCFlora/JBRJ	'-3.096111'	'-59.985833'	WGS84	PreservedSpecimen	2016	Ramos, KT 1	Amazonas Manaus Bosque da Ciência-INPA, Trilha do bosque					N	N		INPA273021	1	Ramos, KT	30	8	BRA	Amazonas Manaus Bosque da Ciência-INPA, Trilha do bosque														1	GC					urn:occurrence:a7fa5692-1143-4013-a86b-1f2851a23042
Tabernaemontana muricata	1	1	1	CNCFlora/JBRJ	2019	BP-RLA/CNCFlora/JBRJ	'-2.536873616'	'-60.39203249'	WGS84	PreservedSpecimen	1960	Rodrigues, W.A.;Pessoal do C.P.F. 1789	Amazonas Manaus Manaus					N	N		MG027108	1789	Rodrigues, W.A.;Pessoal do C.P.F.	28	9	BRA	Amazonas Manaus Manaus														1	GC					urn:occurrence:b5da2318-12cb-4611-938b-eb45a8fa5b9a
Tabernaemontana muricata	1	1	1	CNCFlora/JBRJ	2019	BP-RLA/CNCFlora/JBRJ	'-2.956993'	'-59.921241'	WGS84	PreservedSpecimen	1988	Santos, JL dos 934	Amazonas Manaus Reserva Florestal Adolfo Ducke, Mata de terra firme, solo argiloso.					N	N		INPA180498	934	Santos, JL dos	15	6	BRA	Amazonas Manaus Reserva Florestal Adolfo Ducke, Mata de terra firme, solo argiloso.														1	GC					urn:occurrence:93187f91-e3db-43d6-969b-66e73f3bf5b1
Tabernaemontana muricata	1	1	1	CNCFlora/JBRJ	2019	BP-RLA/CNCFlora/JBRJ	'-2.959309'	'-59.933697'	WGS84	PreservedSpecimen	1966	Rodrigues, WA 8247	Amazonas Manaus Reserva Florestal Adolfo Ducke, Reserva Florestal Ducke. Mata de terra firme, solo argiloso.					N	N		INPA17637	8247	Rodrigues, WA	29	9	BRA	Amazonas Manaus Reserva Florestal Adolfo Ducke, Reserva Florestal Ducke. Mata de terra firme, solo argiloso.														1	GC					urn:occurrence:b30d67c3-a786-4ba8-a3e5-98eed01d8b5c
Tabernaemontana muricata	1	1	1	CNCFlora/JBRJ	2019	BP-RLA/CNCFlora/JBRJ	'-2.77339'	'-60.41905'	WGS84	PreservedSpecimen	1963	Rodrigues, WA 4964	Amazonas Manaus Rio Cuieiras, igarapé da Cachoeira, Igarapé da Cachoeira Alta. Terreno arenoso, capoeira.					N	N		INPA13497	4964	Rodrigues, WA	3	1	BRA	Amazonas Manaus Rio Cuieiras, igarapé da Cachoeira, Igarapé da Cachoeira Alta. Terreno arenoso, capoeira.														1	GC					urn:occurrence:9a5cf253-0380-44dc-98e0-e35c557236f1
Tabernaemontana muricata	1	1	1	CNCFlora/JBRJ	2019	BP-RLA/CNCFlora/JBRJ	'-2.536873616'	'-60.39203249'	WGS84	PreservedSpecimen	1943	Ducke, A 186	Amazonas Manaus Cachoeira Grande, capoeira, terra firme.					N	N		IAN9904	186	Ducke, A	30	4	BRA	Amazonas Manaus Cachoeira Grande, capoeira, terra firme.														1	GC					urn:occurrence:ae53fb44-d93e-4e59-a260-b8634506a4fe
Tabernaemontana muricata	1	1	1	CNCFlora/JBRJ	2019	BP-RLA/CNCFlora/JBRJ	'-3.096111'	'-59.985833'	WGS84	PreservedSpecimen	1976	Leite, I 7	Amazonas Manaus Campus I do INPA, Estrada Manaus-Caracaraí, Km 60. Reserva Biológica. Solo argilo-arenoso.					N	N		INPA59656	7	Leite, I	19	8	BRA	Amazonas Manaus Campus I do INPA, Estrada Manaus-Caracaraí, Km 60. Reserva Biológica. Solo argilo-arenoso.														1	GC					urn:occurrence:f9f8fb6d-702d-4aa2-9375-f983c27f9c93
Tabernaemontana muricata	1	1	1	CNCFlora/JBRJ	2019	BP-RLA/CNCFlora/JBRJ	'-2.536873616'	'-60.39203249'	WGS84	PreservedSpecimen	2013	Campos, J.R.N.; Nunes, M.B.R. ; Silva, A.E.F. 1						N	N		EAFM10579	1	Campos, J.R.N.; Nunes, M.B.R. ; Silva, A.E.F.	14	10	BRA															1	GC					urn:occurrence:f914f179-cc09-4ee6-a236-9064e76ab1fc
Tabernaemontana muricata	1	1	1	CNCFlora/JBRJ	2019	BP-RLA/CNCFlora/JBRJ	'-2.958398'	'-59.932624'	WGS84	PreservedSpecimen	2005	Souza, SS de 148	Amazonas Manaus Reserva Florestal Adolfo Ducke, Rodovia Manaus-Itacoatiara, km 26. Trilha L-O5, km 3.5. Solo muito argiloso.					N	N		INPA232022	148	Souza, SS de	26	3	BRA	Amazonas Manaus Reserva Florestal Adolfo Ducke, Rodovia Manaus-Itacoatiara, km 26. Trilha L-O5, km 3.5. Solo muito argiloso.														1	GC					urn:occurrence:89fca7d9-53be-4073-a436-bc98ebe7dede
Tabernaemontana muricata	1	1	1	CNCFlora/JBRJ	2019	BP-RLA/CNCFlora/JBRJ	'-2.967846'	'-59.927934'	WGS84	PreservedSpecimen	1966	Duarte, AP 9833	Amazonas Manaus Reserva Florestal Adolfo Ducke, Reserva Florestal Adolfo Ducke, próximo a Estação Metereológica.					N	N		INPA17577	9833	Duarte, AP		7	BRA	Amazonas Manaus Reserva Florestal Adolfo Ducke, Reserva Florestal Adolfo Ducke, próximo a Estação Metereológica.														1	GC					urn:occurrence:e6f8d1ce-2a32-458c-a516-c340ab5c8e2b
Tabernaemontana muricata	1	1	1	CNCFlora/JBRJ	2019	BP-RLA/CNCFlora/JBRJ	'-3.408569'	'-60.897259'	WGS84	PreservedSpecimen	1957	Rodrigues, WA 418	Amazonas Manacapuru Rio Manacapurú, Rio Manacapuru, mata acima do repartimento. Terra margem do rio. Comum acima do repartimento.					N	N		INPA5297	418	Rodrigues, WA	5	4	BRA	Amazonas Manacapuru Rio Manacapurú, Rio Manacapuru, mata acima do repartimento. Terra margem do rio. Comum acima do repartimento.														1	GC					urn:occurrence:2fc44f4e-6a1d-4824-a9d9-bb6964bd52fe
Tabernaemontana muricata	1	1	1	CNCFlora/JBRJ	2019	BP-RLA/CNCFlora/JBRJ	'-2.536873616'	'-60.39203249'	WGS84	PreservedSpecimen	1959	Rodrigues, WA 1238	Amazonas Manaus Igarapé do Buião., Igarapé do Buião. Terra firme, arenosa, capoeira grossa.					N	N		INPA7566	1238	Rodrigues, WA	3	8	BRA	Amazonas Manaus Igarapé do Buião., Igarapé do Buião. Terra firme, arenosa, capoeira grossa.														1	GC					urn:occurrence:12266d5e-ab8f-4fbf-9267-8e07c7317ff4
Tabernaemontana muricata	1	1	1	CNCFlora/JBRJ	2019	BP-RLA/CNCFlora/JBRJ	'-2.96123'	'-59.930773'	WGS84	PreservedSpecimen	1993	Ribeiro JELS; Hopkins MJG; Ramos JF; Souza SS	Amazonas Manaus Reserva Ducke. Amazonas. Reserva Florestal Ducke, Manaus-Itacoatiara, km 26. Igarape do Tinga. Floresta de Plato.					N	N		WAG.1673096		Ribeiro JELS; Hopkins MJG; Ramos JF; Souza SS	12	8	BRA	Amazonas Manaus Reserva Ducke. Amazonas. Reserva Florestal Ducke, Manaus-Itacoatiara, km 26. Igarape do Tinga. Floresta de Plato.														1	GC					urn:occurrence:1dbb3b86-fe47-4a4a-992d-732e64f1e0d4
Tabernaemontana muricata	1	1	1	CNCFlora/JBRJ	2019	BP-RLA/CNCFlora/JBRJ	'-2.140832'	'-60.000058'	WGS84	PreservedSpecimen	1979	C. A. Cid Ferreira; 934	Amazonas Manaus BR-174, estrada Manaus-Caracaraí, km 96, ramal da estrada da Hidrelétrica de Balbina, margem da estrada, lado direito.					N	N		NY01252475	934	C. A. Cid Ferreira;	30	8	BRA	Amazonas Manaus BR-174, estrada Manaus-Caracaraí, km 96, ramal da estrada da Hidrelétrica de Balbina, margem da estrada, lado direito.														1	GC					urn:occurrence:294d7fe7-991d-4d31-a203-4885e3368b53
Tabernaemontana muricata	1	1	1	CNCFlora/JBRJ	2019	BP-RLA/CNCFlora/JBRJ	'-2.52985'	'-59.638359'	WGS84	PreservedSpecimen	1965	Rodrigues, WA 7206	Amazonas Rio Preto da Eva AM-1, Km 134 (cidade Tavares Bastos). Solo argilos, AM-1, Km 134 (cidade Tavares Bastos). Solo argiloso.					N	N		INPA16109	7206	Rodrigues, WA	30	9	BRA	Amazonas Rio Preto da Eva AM-1, Km 134 (cidade Tavares Bastos). Solo argilos, AM-1, Km 134 (cidade Tavares Bastos). Solo argiloso.														1	GC					urn:occurrence:014337de-0838-439e-b5b3-77720f5ce8af
Tabernaemontana muricata	1	1	1	CNCFlora/JBRJ	2019	BP-RLA/CNCFlora/JBRJ	'-2.989536'	'-59.900413'	WGS84	PreservedSpecimen	2003	Castilho, CV de 1357	Amazonas Manaus Reserva Florestal Adolfo Ducke, Rodovia Manaus-Itacoatiara, km 26. Trilha L-O9, km 6.5.					N	N		INPA232052	1357	Castilho, CV de	11	6	BRA	Amazonas Manaus Reserva Florestal Adolfo Ducke, Rodovia Manaus-Itacoatiara, km 26. Trilha L-O9, km 6.5.														1	GC					urn:occurrence:69b33d35-504c-4168-9f61-4189614531bd
Tabernaemontana muricata	1	1	1	CNCFlora/JBRJ	2019	BP-RLA/CNCFlora/JBRJ	'-2.987885'	'-60.053668'	WGS84	PreservedSpecimen	1984	Miranda, MC de C. 235	Amazonas Manaus Tarumã, caminho para Cachoeira das Almas, Tarumã, caminho para Cachoeira das Almas.					N	N		INPA119201	235	Miranda, MC de C.	7	6	BRA	Amazonas Manaus Tarumã, caminho para Cachoeira das Almas, Tarumã, caminho para Cachoeira das Almas.														1	GC					urn:occurrence:6398ab8c-812c-4401-8c4d-802c850a38ae
Tabernaemontana muricata	1	1	1	CNCFlora/JBRJ	2019	BP-RLA/CNCFlora/JBRJ	'-2.962753'	'-59.92767'	WGS84	PreservedSpecimen	1995	Oliveira, AA de 2809	Amazonas Manaus Reserva Florestal Adolfo Ducke					N	N		INPA180477	2809	Oliveira, AA de	1	8	BRA	Amazonas Manaus Reserva Florestal Adolfo Ducke														1	GC					urn:occurrence:58dfb07d-108e-414b-810f-e7eeed47f4c5
Tabernaemontana muricata	1	1	1	CNCFlora/JBRJ	2019	BP-RLA/CNCFlora/JBRJ	'-3.082488'	'-59.927417'	WGS84	PreservedSpecimen	2009	Souza, F.R.S.; Pereira, V.S. ; Bernardo, E.S. s.n.	Amazonas Manaus IFAM, Campus Manaus-Zona Leste, coletado na mata secundária da Agricultura.					N	N		EAFM765	s.n.	Souza, F.R.S.; Pereira, V.S. ; Bernardo, E.S.	7	8	BRA	Amazonas Manaus IFAM, Campus Manaus-Zona Leste, coletado na mata secundária da Agricultura.														1	GC					urn:occurrence:3f26449a-00d9-4299-927b-f30c47a98a9a
Tabernaemontana muricata	1	1	1	CNCFlora/JBRJ	2019	BP-RLA/CNCFlora/JBRJ	'-2.955326'	'-59.929083'	WGS84	PreservedSpecimen	1994	Ramos JF	Amazonas Manaus Reserva Ducke Amazonas. Reserva Florestal Ducke, Manaus-Itacoatiara, Km 26.					N	N		WAG.1673097		Ramos JF	16	6	BRA	Amazonas Manaus Reserva Ducke Amazonas. Reserva Florestal Ducke, Manaus-Itacoatiara, Km 26.														1	GC					urn:occurrence:75b2f4f6-afd6-41c1-94b2-a6c24df2d8f3
