order,family,species,authorship,categoria,provincias,obs
1,Rosaceae,Acaena myriophylla,Lindl.,"cat1: Plantas muy abundantes en los lugares de origen y con amplia distribución geográfica en más de una de las grandes unidades fitogeográficas del país (Selva Misionera, Selva Tucumano-Oranense, Chaco, Espinal, Pampa, Monte, Puna, Patagonia, Altoandina, Bosques Subantárticos).",all regions,NA
2,Chenopodiaceae,Atriplex argentina,Speg.,"cat1: Plantas muy abundantes en los lugares de origen y con amplia distribución geográfica en más de una de las grandes unidades fitogeográficas del país (Selva Misionera, Selva Tucumano-Oranense, Chaco, Espinal, Pampa, Monte, Puna, Patagonia, Altoandina, Bosques Subantárticos).",all regions,NA
3,Chenopodiaceae,Atriplex cordobensis,Gand. & Stuck.,"cat1: Plantas muy abundantes en los lugares de origen y con amplia distribución geográfica en más de una de las grandes unidades fitogeográficas del país (Selva Misionera, Selva Tucumano-Oranense, Chaco, Espinal, Pampa, Monte, Puna, Patagonia, Altoandina, Bosques Subantárticos).",all regions,NA
4,Chenopodiaceae,Atriplex lampa,(Moq.) D. Dietr.,"cat1: Plantas muy abundantes en los lugares de origen y con amplia distribución geográfica en más de una de las grandes unidades fitogeográficas del país (Selva Misionera, Selva Tucumano-Oranense, Chaco, Espinal, Pampa, Monte, Puna, Patagonia, Altoandina, Bosques Subantárticos).",all regions,NA
5,Chenopodiaceae,Atriplex undulata,(Moq.) D. Dietr.,"cat1: Plantas muy abundantes en los lugares de origen y con amplia distribución geográfica en más de una de las grandes unidades fitogeográficas del país (Selva Misionera, Selva Tucumano-Oranense, Chaco, Espinal, Pampa, Monte, Puna, Patagonia, Altoandina, Bosques Subantárticos).",all regions,NA
6,Asteraceae,Baccharis artemisioides,Hook. & Arn.,"cat1: Plantas muy abundantes en los lugares de origen y con amplia distribución geográfica en más de una de las grandes unidades fitogeográficas del país (Selva Misionera, Selva Tucumano-Oranense, Chaco, Espinal, Pampa, Monte, Puna, Patagonia, Altoandina, Bosques Subantárticos).",all regions,NA
7,Asteraceae,Baccharis gilliesii,A. Gray,"cat1: Plantas muy abundantes en los lugares de origen y con amplia distribución geográfica en más de una de las grandes unidades fitogeográficas del país (Selva Misionera, Selva Tucumano-Oranense, Chaco, Espinal, Pampa, Monte, Puna, Patagonia, Altoandina, Bosques Subantárticos).",all regions,NA
8,Calyceraceae,Boopis anthemoides,Juss.,"cat1: Plantas muy abundantes en los lugares de origen y con amplia distribución geográfica en más de una de las grandes unidades fitogeográficas del país (Selva Misionera, Selva Tucumano-Oranense, Chaco, Espinal, Pampa, Monte, Puna, Patagonia, Altoandina, Bosques Subantárticos).",all regions,NA
9,Zygophyllaceae,Bulnesia schickendantzii,Hieron. ex Griseb.,"cat1: Plantas muy abundantes en los lugares de origen y con amplia distribución geográfica en más de una de las grandes unidades fitogeográficas del país (Selva Misionera, Selva Tucumano-Oranense, Chaco, Espinal, Pampa, Monte, Puna, Patagonia, Altoandina, Bosques Subantárticos).",all regions,NA
10,Loasaceae,Caiophora cernua,(Griseb.) Urb. & Gilg ex Kurtz,"cat1: Plantas muy abundantes en los lugares de origen y con amplia distribución geográfica en más de una de las grandes unidades fitogeográficas del país (Selva Misionera, Selva Tucumano-Oranense, Chaco, Espinal, Pampa, Monte, Puna, Patagonia, Altoandina, Bosques Subantárticos).",all regions,NA
11,Calyceraceae,Calycera calcitrapa,Griseb.,"cat1: Plantas muy abundantes en los lugares de origen y con amplia distribución geográfica en más de una de las grandes unidades fitogeográficas del país (Selva Misionera, Selva Tucumano-Oranense, Chaco, Espinal, Pampa, Monte, Puna, Patagonia, Altoandina, Bosques Subantárticos).",all regions,NA
12,Asteraceae,Chuquiraga erinacea,D. Don,"cat1: Plantas muy abundantes en los lugares de origen y con amplia distribución geográfica en más de una de las grandes unidades fitogeográficas del país (Selva Misionera, Selva Tucumano-Oranense, Chaco, Espinal, Pampa, Monte, Puna, Patagonia, Altoandina, Bosques Subantárticos).",all regions,NA
13,Rhamnaceae,Condalia microphylla,Cav.,"cat1: Plantas muy abundantes en los lugares de origen y con amplia distribución geográfica en más de una de las grandes unidades fitogeográficas del país (Selva Misionera, Selva Tucumano-Oranense, Chaco, Espinal, Pampa, Monte, Puna, Patagonia, Altoandina, Bosques Subantárticos).",all regions,NA
14,Frankeniaceae,Frankenia juniperoides,(Hieron.) M.N. Correa,"cat1: Plantas muy abundantes en los lugares de origen y con amplia distribución geográfica en más de una de las grandes unidades fitogeográficas del país (Selva Misionera, Selva Tucumano-Oranense, Chaco, Espinal, Pampa, Monte, Puna, Patagonia, Altoandina, Bosques Subantárticos).",all regions,NA
15,Verbenaceae,Glandularia hookeriana,Covas & Schnack,"cat1: Plantas muy abundantes en los lugares de origen y con amplia distribución geográfica en más de una de las grandes unidades fitogeográficas del país (Selva Misionera, Selva Tucumano-Oranense, Chaco, Espinal, Pampa, Monte, Puna, Patagonia, Altoandina, Bosques Subantárticos).",all regions,NA
16,Asteraceae,Gochnatia glutinosa,(D. Don) Hook. & Arn.,"cat1: Plantas muy abundantes en los lugares de origen y con amplia distribución geográfica en más de una de las grandes unidades fitogeográficas del país (Selva Misionera, Selva Tucumano-Oranense, Chaco, Espinal, Pampa, Monte, Puna, Patagonia, Altoandina, Bosques Subantárticos).",all regions,NA
17,Asteraceae,Grindelia brachystephana,Griseb.,"cat1: Plantas muy abundantes en los lugares de origen y con amplia distribución geográfica en más de una de las grandes unidades fitogeográficas del país (Selva Misionera, Selva Tucumano-Oranense, Chaco, Espinal, Pampa, Monte, Puna, Patagonia, Altoandina, Bosques Subantárticos).",all regions,NA
18,Asteraceae,Gutierrezia gilliesii,Griseb.,"cat1: Plantas muy abundantes en los lugares de origen y con amplia distribución geográfica en más de una de las grandes unidades fitogeográficas del país (Selva Misionera, Selva Tucumano-Oranense, Chaco, Espinal, Pampa, Monte, Puna, Patagonia, Altoandina, Bosques Subantárticos).",all regions,NA
19,Poaceae,Hordeum cordobense,"Bothmer, Jacobsen & Nicora","cat1: Plantas muy abundantes en los lugares de origen y con amplia distribución geográfica en más de una de las grandes unidades fitogeográficas del país (Selva Misionera, Selva Tucumano-Oranense, Chaco, Espinal, Pampa, Monte, Puna, Patagonia, Altoandina, Bosques Subantárticos).",all regions,NA
20,Asteraceae,Hyalis argentea,Hook. & Arn.,"cat1: Plantas muy abundantes en los lugares de origen y con amplia distribución geográfica en más de una de las grandes unidades fitogeográficas del país (Selva Misionera, Selva Tucumano-Oranense, Chaco, Espinal, Pampa, Monte, Puna, Patagonia, Altoandina, Bosques Subantárticos).",all regions,NA
21,Asteraceae,Hypochaeris pampasica,Cabrera,"cat1: Plantas muy abundantes en los lugares de origen y con amplia distribución geográfica en más de una de las grandes unidades fitogeográficas del país (Selva Misionera, Selva Tucumano-Oranense, Chaco, Espinal, Pampa, Monte, Puna, Patagonia, Altoandina, Bosques Subantárticos).",all regions,NA
22,Asteraceae,Hysterionica bakeri,Hicken,"cat1: Plantas muy abundantes en los lugares de origen y con amplia distribución geográfica en más de una de las grandes unidades fitogeográficas del país (Selva Misionera, Selva Tucumano-Oranense, Chaco, Espinal, Pampa, Monte, Puna, Patagonia, Altoandina, Bosques Subantárticos).",all regions,NA
23,Zygophyllaceae,Larrea cuneifolia,Cav.,"cat1: Plantas muy abundantes en los lugares de origen y con amplia distribución geográfica en más de una de las grandes unidades fitogeográficas del país (Selva Misionera, Selva Tucumano-Oranense, Chaco, Espinal, Pampa, Monte, Puna, Patagonia, Altoandina, Bosques Subantárticos).",all regions,NA
24,Celastraceae,Moya spinosa,Griseb.,"cat1: Plantas muy abundantes en los lugares de origen y con amplia distribución geográfica en más de una de las grandes unidades fitogeográficas del país (Selva Misionera, Selva Tucumano-Oranense, Chaco, Espinal, Pampa, Monte, Puna, Patagonia, Altoandina, Bosques Subantárticos).",all regions,NA
25,Poaceae,Nassella tenuissima,(Trin.) Barkworth,"cat1: Plantas muy abundantes en los lugares de origen y con amplia distribución geográfica en más de una de las grandes unidades fitogeográficas del país (Selva Misionera, Selva Tucumano-Oranense, Chaco, Espinal, Pampa, Monte, Puna, Patagonia, Altoandina, Bosques Subantárticos).",all regions,NA
26,Solanaceae,Nierembergia rigida,Miers,"cat1: Plantas muy abundantes en los lugares de origen y con amplia distribución geográfica en más de una de las grandes unidades fitogeográficas del país (Selva Misionera, Selva Tucumano-Oranense, Chaco, Espinal, Pampa, Monte, Puna, Patagonia, Altoandina, Bosques Subantárticos).",all regions,NA
27,Onagraceae,Oenothera mendocinensis,Gillies ex Hook. & Arn.,"cat1: Plantas muy abundantes en los lugares de origen y con amplia distribución geográfica en más de una de las grandes unidades fitogeográficas del país (Selva Misionera, Selva Tucumano-Oranense, Chaco, Espinal, Pampa, Monte, Puna, Patagonia, Altoandina, Bosques Subantárticos).",all regions,NA
28,Poaceae,Piptochaetium napostaense,(Speg.) Hack.,"cat1: Plantas muy abundantes en los lugares de origen y con amplia distribución geográfica en más de una de las grandes unidades fitogeográficas del país (Selva Misionera, Selva Tucumano-Oranense, Chaco, Espinal, Pampa, Monte, Puna, Patagonia, Altoandina, Bosques Subantárticos).",all regions,NA
29,Zygophyllaceae,Plectrocarpa rougesii,"Descole, O'Donell & Lourteig","cat1: Plantas muy abundantes en los lugares de origen y con amplia distribución geográfica en más de una de las grandes unidades fitogeográficas del país (Selva Misionera, Selva Tucumano-Oranense, Chaco, Espinal, Pampa, Monte, Puna, Patagonia, Altoandina, Bosques Subantárticos).",all regions,NA
30,Fabaceae,Prosopis alpataco,Phil.,"cat1: Plantas muy abundantes en los lugares de origen y con amplia distribución geográfica en más de una de las grandes unidades fitogeográficas del país (Selva Misionera, Selva Tucumano-Oranense, Chaco, Espinal, Pampa, Monte, Puna, Patagonia, Altoandina, Bosques Subantárticos).",all regions,NA
31,Anacardiaceae,Schinus bumelioides,I. M. Johnst.,"cat1: Plantas muy abundantes en los lugares de origen y con amplia distribución geográfica en más de una de las grandes unidades fitogeográficas del país (Selva Misionera, Selva Tucumano-Oranense, Chaco, Espinal, Pampa, Monte, Puna, Patagonia, Altoandina, Bosques Subantárticos).",all regions,NA
32,Anacardiaceae,Schinus johnstonii,F. A. Barkley,"cat1: Plantas muy abundantes en los lugares de origen y con amplia distribución geográfica en más de una de las grandes unidades fitogeográficas del país (Selva Misionera, Selva Tucumano-Oranense, Chaco, Espinal, Pampa, Monte, Puna, Patagonia, Altoandina, Bosques Subantárticos).",all regions,NA
33,Asteraceae,Senecio leucostachys,Baker,"cat1: Plantas muy abundantes en los lugares de origen y con amplia distribución geográfica en más de una de las grandes unidades fitogeográficas del país (Selva Misionera, Selva Tucumano-Oranense, Chaco, Espinal, Pampa, Monte, Puna, Patagonia, Altoandina, Bosques Subantárticos).",all regions,NA
34,Solanaceae,Solanum euacanthum,Phil.,"cat1: Plantas muy abundantes en los lugares de origen y con amplia distribución geográfica en más de una de las grandes unidades fitogeográficas del país (Selva Misionera, Selva Tucumano-Oranense, Chaco, Espinal, Pampa, Monte, Puna, Patagonia, Altoandina, Bosques Subantárticos).",all regions,NA
35,Asteraceae,Stevia vaga,Griseb.,"cat1: Plantas muy abundantes en los lugares de origen y con amplia distribución geográfica en más de una de las grandes unidades fitogeográficas del país (Selva Misionera, Selva Tucumano-Oranense, Chaco, Espinal, Pampa, Monte, Puna, Patagonia, Altoandina, Bosques Subantárticos).",all regions,NA
36,Asteraceae,Stuckertiella peregrina,Beauverd,"cat1: Plantas muy abundantes en los lugares de origen y con amplia distribución geográfica en más de una de las grandes unidades fitogeográficas del país (Selva Misionera, Selva Tucumano-Oranense, Chaco, Espinal, Pampa, Monte, Puna, Patagonia, Altoandina, Bosques Subantárticos).",all regions,NA
37,Asteraceae,Trichocline sinuata,(D. Don) Cabrera,"cat1: Plantas muy abundantes en los lugares de origen y con amplia distribución geográfica en más de una de las grandes unidades fitogeográficas del país (Selva Misionera, Selva Tucumano-Oranense, Chaco, Espinal, Pampa, Monte, Puna, Patagonia, Altoandina, Bosques Subantárticos).",all regions,NA
38,Asteraceae,Zexmenia buphtalmiflora,(Lorentz) Ariza,"cat1: Plantas muy abundantes en los lugares de origen y con amplia distribución geográfica en más de una de las grandes unidades fitogeográficas del país (Selva Misionera, Selva Tucumano-Oranense, Chaco, Espinal, Pampa, Monte, Puna, Patagonia, Altoandina, Bosques Subantárticos).",all regions,NA
39,Verbenaceae,Acantholippia seriphioides,(A. Gray) Moldenke,"cat2: Plantas abundantes, presentes en sólo una de las grandes unidades fitogeográficas del país.",all regions,NA
40,Fabaceae,Adesmia trijuga,Gillies ex Hook. & Arn.,"cat2: Plantas abundantes, presentes en sólo una de las grandes unidades fitogeográficas del país.",all regions,NA
41,Poaceae,Amelichloa ambigua,(Speg.) Arriaga & Barkworth,"cat2: Plantas abundantes, presentes en sólo una de las grandes unidades fitogeográficas del país.",all regions,NA
42,Poaceae,Aristida subulata,Henrard,"cat2: Plantas abundantes, presentes en sólo una de las grandes unidades fitogeográficas del país.",all regions,NA
43,Chenopodiaceae,Atriplex crenatifolia,Chodat & Wilczek,"cat2: Plantas abundantes, presentes en sólo una de las grandes unidades fitogeográficas del país.",all regions,NA
44,Chenopodiaceae,Atriplex sagittifolia,Speg.,"cat2: Plantas abundantes, presentes en sólo una de las grandes unidades fitogeográficas del país.",all regions,NA
45,Chenopodiaceae,Atriplex spegazzinii,A. Soriano ex Múlgura,"cat2: Plantas abundantes, presentes en sólo una de las grandes unidades fitogeográficas del país.",all regions,NA
46,Poaceae,Blepharidachne benthamiana,(Hack. ex Kuntze) Hitchc.,"cat2: Plantas abundantes, presentes en sólo una de las grandes unidades fitogeográficas del país.",all regions,NA
47,Fabaceae,Caesalpinia mimosifolia,Griseb.,"cat2: Plantas abundantes, presentes en sólo una de las grandes unidades fitogeográficas del país.",all regions,NA
48,Euphorbiaceae,Chiropetalum argentinense,Skottsb.,"cat2: Plantas abundantes, presentes en sólo una de las grandes unidades fitogeográficas del país.",all regions,NA
49,Euphorbiaceae,Chiropetalum patagonicum,(Speg.) O'Donell & Lourteig,"cat2: Plantas abundantes, presentes en sólo una de las grandes unidades fitogeográficas del país.",all regions,NA
50,Asteraceae,Chuquiraga aurea,Skottsb.,"cat2: Plantas abundantes, presentes en sólo una de las grandes unidades fitogeográficas del país.",all regions,NA
51,Asteraceae,Chuquiraga avellanedae,Lorentz,"cat2: Plantas abundantes, presentes en sólo una de las grandes unidades fitogeográficas del país.",all regions,NA
52,Poaceae,Distichlis australis,(Speg.) Villamil,"cat2: Plantas abundantes, presentes en sólo una de las grandes unidades fitogeográficas del país.",all regions,NA
53,Euphorbiaceae,Ditaxis catamarcensis,(Griseb.) Pax,"cat2: Plantas abundantes, presentes en sólo una de las grandes unidades fitogeográficas del país.",all regions,NA
54,Cactaceae,Echinopsis leucantha,(Gillies ex Salm-Dyck) Walp.,"cat2: Plantas abundantes, presentes en sólo una de las grandes unidades fitogeográficas del país.",all regions,NA
55,Euphorbiaceae,Euphorbia hieronymi,Subils,"cat2: Plantas abundantes, presentes en sólo una de las grandes unidades fitogeográficas del país.",all regions,NA
56,Euphorbiaceae,Euphorbia schickendantzii,Hieron.,"cat2: Plantas abundantes, presentes en sólo una de las grandes unidades fitogeográficas del país.",all regions,NA
57,Portulacaceae,Grahamia bracteata,Hook. & Arn.,"cat2: Plantas abundantes, presentes en sólo una de las grandes unidades fitogeográficas del país.",all regions,NA
58,Asteraceae,Gutierrezia solbrigii,Cabrera,"cat2: Plantas abundantes, presentes en sólo una de las grandes unidades fitogeográficas del país.",all regions,NA
59,Fabaceae,Hoffmannseggia erecta,Phil.,"cat2: Plantas abundantes, presentes en sólo una de las grandes unidades fitogeográficas del país.",all regions,NA
60,Poaceae,Hordeum procerum,Nevski,"cat2: Plantas abundantes, presentes en sólo una de las grandes unidades fitogeográficas del país.",all regions,NA
61,Asteraceae,Hysterionica pulchella,Cabrera,"cat2: Plantas abundantes, presentes en sólo una de las grandes unidades fitogeográficas del país.",all regions,NA
62,Solanaceae,Jaborosa bergii,Hieron.,"cat2: Plantas abundantes, presentes en sólo una de las grandes unidades fitogeográficas del país.",all regions,NA
63,Solanaceae,Jaborosa leucotricha,(Speg.) Hunz.,"cat2: Plantas abundantes, presentes en sólo una de las grandes unidades fitogeográficas del país.",all regions,NA
64,Verbenaceae,Junellia patagonica,(Speg.) Moldenke,"cat2: Plantas abundantes, presentes en sólo una de las grandes unidades fitogeográficas del país.",all regions,NA
65,Acanthaceae,Justicia gilliesii,(Nees) Benth.,"cat2: Plantas abundantes, presentes en sólo una de las grandes unidades fitogeográficas del país.",all regions,NA
66,Verbenaceae,Lantana xenica,Moldenke,"cat2: Plantas abundantes, presentes en sólo una de las grandes unidades fitogeográficas del país.",all regions,NA
67,Malvaceae,Lecanophora ameghinoi,(Speg.) Speg.,"cat2: Plantas abundantes, presentes en sólo una de las grandes unidades fitogeográficas del país.",all regions,NA
68,Malvaceae,Lecanophora ecristata,(A. Gray) Krapov.,"cat2: Plantas abundantes, presentes en sólo una de las grandes unidades fitogeográficas del país.",all regions,NA
69,Verbenaceae,Lippia grisebachiana,Moldenke,"cat2: Plantas abundantes, presentes en sólo una de las grandes unidades fitogeográficas del país.",all regions,NA
70,Verbenaceae,Lippia junelliana,(Moldenke) Tronc.,"cat2: Plantas abundantes, presentes en sólo una de las grandes unidades fitogeográficas del país.",all regions,NA
71,Verbenaceae,Lippia salsa,Griseb.,"cat2: Plantas abundantes, presentes en sólo una de las grandes unidades fitogeográficas del país.",all regions,NA
72,Solanaceae,Lycium gilliesianum,Miers,"cat2: Plantas abundantes, presentes en sólo una de las grandes unidades fitogeográficas del país.",all regions,NA
73,Solanaceae,Lycium infaustum,Miers,"cat2: Plantas abundantes, presentes en sólo una de las grandes unidades fitogeográficas del país.",all regions,NA
74,Plantaginaceae,Monttea aphylla,(Miers) Benth. & Hook.,"cat2: Plantas abundantes, presentes en sólo una de las grandes unidades fitogeográficas del país.",all regions,NA
75,Asteraceae,Nassauvia fuegiana,(Speg.) Cabrera,"cat2: Plantas abundantes, presentes en sólo una de las grandes unidades fitogeográficas del país.",all regions,NA
76,Asteraceae,Nassauvia ulicina,(Hook. f.) Macloskie,"cat2: Plantas abundantes, presentes en sólo una de las grandes unidades fitogeográficas del país.",all regions,NA
77,Poaceae,Nassella cordobensis,(Speg.) Barkworth,"cat2: Plantas abundantes, presentes en sólo una de las grandes unidades fitogeográficas del país.",all regions,NA
78,Poaceae,Nassella sanluisensis,(Speg.) Barkworth,"cat2: Plantas abundantes, presentes en sólo una de las grandes unidades fitogeográficas del país.",all regions,NA
79,Verbenaceae,Neosparton aphyllum,(Gillies & Hook.) Kuntze,"cat2: Plantas abundantes, presentes en sólo una de las grandes unidades fitogeográficas del país.",all regions,NA
80,Zygophyllaceae,Plectrocarpa tetracantha,Gillies ex Hook. & Arn.,"cat2: Plantas abundantes, presentes en sólo una de las grandes unidades fitogeográficas del país.",all regions,NA
81,Portulacaceae,Portulaca confertifolia,Hauman,"cat2: Plantas abundantes, presentes en sólo una de las grandes unidades fitogeográficas del país.",all regions,NA
82,Portulacaceae,Portulaca echinosperma,Hauman,"cat2: Plantas abundantes, presentes en sólo una de las grandes unidades fitogeográficas del país.",all regions,NA
83,Fabaceae,Prosopidastrum angusticarpum,R. A. Palacios & Hoc,"cat2: Plantas abundantes, presentes en sólo una de las grandes unidades fitogeográficas del país.",all regions,NA
84,Fabaceae,Prosopidastrum striatum,(Benth.) R. A. Palacios & Hoc,"cat2: Plantas abundantes, presentes en sólo una de las grandes unidades fitogeográficas del país.",all regions,NA
85,Fabaceae,Prosopis caldenia,Burkart,"cat2: Plantas abundantes, presentes en sólo una de las grandes unidades fitogeográficas del país.",all regions,NA
86,Fabaceae,Prosopis denudans,Benth.,"cat2: Plantas abundantes, presentes en sólo una de las grandes unidades fitogeográficas del país.",all regions,NA
87,Fabaceae,Prosopis pugionata,Burkart,"cat2: Plantas abundantes, presentes en sólo una de las grandes unidades fitogeográficas del país.",all regions,NA
88,Fabaceae,Prosopis torquata,(Cav. ex Lag.) DC.,"cat2: Plantas abundantes, presentes en sólo una de las grandes unidades fitogeográficas del país.",all regions,NA
89,Poaceae,Puccinellia mendozina,(Hack.) Parodi,"cat2: Plantas abundantes, presentes en sólo una de las grandes unidades fitogeográficas del país.",all regions,NA
90,Fabaceae,Senna subulata,(Griseb.) H. S. Irwin & Barneby,"cat2: Plantas abundantes, presentes en sólo una de las grandes unidades fitogeográficas del país.",all regions,NA
91,Poaceae,Setaria cordobensis,R. A. W. Herrm.,"cat2: Plantas abundantes, presentes en sólo una de las grandes unidades fitogeográficas del país.",all regions,NA
92,Poaceae,Setaria mendocina,Phil.,"cat2: Plantas abundantes, presentes en sólo una de las grandes unidades fitogeográficas del país.",all regions,NA
93,Iridaceae,Sisyrinchium macrocarpum,Hieron.,"cat2: Plantas abundantes, presentes en sólo una de las grandes unidades fitogeográficas del país.",all regions,NA
94,Malvaceae,Sphaeralcea brevipes,(Phil.) Krapov.,"cat2: Plantas abundantes, presentes en sólo una de las grandes unidades fitogeográficas del país.",all regions,NA
95,Malvaceae,Sphaeralcea miniata,(Cav.) Spach,"cat2: Plantas abundantes, presentes en sólo una de las grandes unidades fitogeográficas del país.",all regions,NA
96,Poaceae,Sporobolus phleoides,Hack.,"cat2: Plantas abundantes, presentes en sólo una de las grandes unidades fitogeográficas del país.",all regions,NA
97,Asteraceae,Stevia gilliesii,Hook. & Arn.,"cat2: Plantas abundantes, presentes en sólo una de las grandes unidades fitogeográficas del país.",all regions,NA
98,Cactaceae,Trichocereus strigosus,(Salm-Dyck) Britton & Rose,"cat2: Plantas abundantes, presentes en sólo una de las grandes unidades fitogeográficas del país.",all regions,NA
99,Fabaceae,Adesmia macrostachya,Benth.,"cat3: Plantas comunes, aunque no abundantes en una o más de las unidades fitogeográficas del país (caso de taxones con distribución disyunta).",Chaco|Corrientes|Entre Rios|Formosa|Misiones|Santa FE,occurs in Misiones
100,Chenopodiaceae,Allenrolfea patagonica,(Moq.) Kuntze,"cat3: Plantas comunes, aunque no abundantes en una o más de las unidades fitogeográficas del país (caso de taxones con distribución disyunta).",Chaco|Corrientes|Entre Rios|Formosa|Misiones|Santa FE,NA
101,Chenopodiaceae,Allenrolfea vaginata,(Griseb.) Kuntze,"cat3: Plantas comunes, aunque no abundantes en una o más de las unidades fitogeográficas del país (caso de taxones con distribución disyunta).",Chaco|Corrientes|Entre Rios|Formosa|Misiones|Santa FE,NA
102,Aspleniaceae,Asplenium argentinum,Hieron.,"cat3: Plantas comunes, aunque no abundantes en una o más de las unidades fitogeográficas del país (caso de taxones con distribución disyunta).",Chaco|Corrientes|Entre Rios|Formosa|Misiones|Santa FE,occurs in Misiones
103,Asteraceae,Baccharis albida,Hook. & Arn.,"cat3: Plantas comunes, aunque no abundantes en una o más de las unidades fitogeográficas del país (caso de taxones con distribución disyunta).",Chaco|Corrientes|Entre Rios|Formosa|Misiones|Santa FE,NA
104,Asteraceae,Baccharis argentina,Heering,"cat3: Plantas comunes, aunque no abundantes en una o más de las unidades fitogeográficas del país (caso de taxones con distribución disyunta).",Chaco|Corrientes|Entre Rios|Formosa|Misiones|Santa FE,occurs in Misiones
105,Convolvulaceae,Bonamia sericea,(Griseb.) Hallier f.,"cat3: Plantas comunes, aunque no abundantes en una o más de las unidades fitogeográficas del país (caso de taxones con distribución disyunta).",Chaco|Corrientes|Entre Rios|Formosa|Misiones|Santa FE,NA
106,Rubiaceae,Borreria nelidae,E. L. Cabral,"cat3: Plantas comunes, aunque no abundantes en una o más de las unidades fitogeográficas del país (caso de taxones con distribución disyunta).",Chaco|Corrientes|Entre Rios|Formosa|Misiones|Santa FE,occurs in Misiones
107,Polypodiaceae,Campyloneurum tucumanense,(Hieron.) Ching,"cat3: Plantas comunes, aunque no abundantes en una o más de las unidades fitogeográficas del país (caso de taxones con distribución disyunta).",Chaco|Corrientes|Entre Rios|Formosa|Misiones|Santa FE,occurs in Misiones
108,Malvaceae,Cienfuegosia hispida,R. E. Fr.,"cat3: Plantas comunes, aunque no abundantes en una o más de las unidades fitogeográficas del país (caso de taxones con distribución disyunta).",Chaco|Corrientes|Entre Rios|Formosa|Misiones|Santa FE,NA
109,Convolvulaceae,Cuscuta membranacea,Yunck.,"cat3: Plantas comunes, aunque no abundantes en una o más de las unidades fitogeográficas del país (caso de taxones con distribución disyunta).",Chaco|Corrientes|Entre Rios|Formosa|Misiones|Santa FE,NA
110,Cyperaceae,Cyperus hieronymi,Boeck.,"cat3: Plantas comunes, aunque no abundantes en una o más de las unidades fitogeográficas del país (caso de taxones con distribución disyunta).",Chaco|Corrientes|Entre Rios|Formosa|Misiones|Santa FE,occurs in Misiones
111,Fabaceae,Desmodium intermedium,Burkart,"cat3: Plantas comunes, aunque no abundantes en una o más de las unidades fitogeográficas del país (caso de taxones con distribución disyunta).",Chaco|Corrientes|Entre Rios|Formosa|Misiones|Santa FE,NA
112,Dioscoreaceae,Dioscorea cienegensis,R. Knuth,"cat3: Plantas comunes, aunque no abundantes en una o más de las unidades fitogeográficas del país (caso de taxones con distribución disyunta).",Chaco|Corrientes|Entre Rios|Formosa|Misiones|Santa FE,NA
113,Poaceae,Distichlis laxiflora,Hack.,"cat3: Plantas comunes, aunque no abundantes en una o más de las unidades fitogeográficas del país (caso de taxones con distribución disyunta).",Chaco|Corrientes|Entre Rios|Formosa|Misiones|Santa FE,NA
114,Bromeliaceae,Dyckia ragonesei,A. Cast.,"cat3: Plantas comunes, aunque no abundantes en una o más de las unidades fitogeográficas del país (caso de taxones con distribución disyunta).",Chaco|Corrientes|Entre Rios|Formosa|Misiones|Santa FE,NA
115,Elatinaceae,Elatine lorentziana,Hunz.,"cat3: Plantas comunes, aunque no abundantes en una o más de las unidades fitogeográficas del país (caso de taxones con distribución disyunta).",Chaco|Corrientes|Entre Rios|Formosa|Misiones|Santa FE,occurs in Misiones
116,Apiaceae,Eryngium chubutense,Neger ex Dusén,"cat3: Plantas comunes, aunque no abundantes en una o más de las unidades fitogeográficas del país (caso de taxones con distribución disyunta).",Chaco|Corrientes|Entre Rios|Formosa|Misiones|Santa FE,NA
117,Asteraceae,Eupatorium artemisiifolium,Griseb.,"cat3: Plantas comunes, aunque no abundantes en una o más de las unidades fitogeográficas del país (caso de taxones con distribución disyunta).",Chaco|Corrientes|Entre Rios|Formosa|Misiones|Santa FE,NA
118,Euphorbiaceae,Euphorbia kurtzii,Subils,"cat3: Plantas comunes, aunque no abundantes en una o más de las unidades fitogeográficas del país (caso de taxones con distribución disyunta).",Chaco|Corrientes|Entre Rios|Formosa|Misiones|Santa FE,occurs in Misiones
119,Verbenaceae,Glandularia cheitmaniana,(Moldenke) Botta & Poggio,"cat3: Plantas comunes, aunque no abundantes en una o más de las unidades fitogeográficas del país (caso de taxones con distribución disyunta).",Chaco|Corrientes|Entre Rios|Formosa|Misiones|Santa FE,NA
120,Asteraceae,Grindelia cabrerae,Ariza,"cat3: Plantas comunes, aunque no abundantes en una o más de las unidades fitogeográficas del país (caso de taxones con distribución disyunta).",Chaco|Corrientes|Entre Rios|Formosa|Misiones|Santa FE,NA
121,Asteraceae,Grindelia patagonica,Bartoli & Tortosa,"cat3: Plantas comunes, aunque no abundantes en una o más de las unidades fitogeográficas del país (caso de taxones con distribución disyunta).",Chaco|Corrientes|Entre Rios|Formosa|Misiones|Santa FE,NA
122,Cactaceae,Gymnocalycium schickendantzii,(F. A. C. Weber) Britton & Rose,"cat3: Plantas comunes, aunque no abundantes en una o más de las unidades fitogeográficas del país (caso de taxones con distribución disyunta).",Chaco|Corrientes|Entre Rios|Formosa|Misiones|Santa FE,NA
123,Boraginaceae,Heliotropium mendocinum,Phil.,"cat3: Plantas comunes, aunque no abundantes en una o más de las unidades fitogeográficas del país (caso de taxones con distribución disyunta).",Chaco|Corrientes|Entre Rios|Formosa|Misiones|Santa FE,occurs in Misiones
124,Amaryllidaceae,Hippeastrum argentinum,(Pax) Hunz.,"cat3: Plantas comunes, aunque no abundantes en una o más de las unidades fitogeográficas del país (caso de taxones con distribución disyunta).",Chaco|Corrientes|Entre Rios|Formosa|Misiones|Santa FE,NA
125,Amaryllidaceae,Hippeastrum parodii,Hunz. & Cocucci,"cat3: Plantas comunes, aunque no abundantes en una o más de las unidades fitogeográficas del país (caso de taxones con distribución disyunta).",Chaco|Corrientes|Entre Rios|Formosa|Misiones|Santa FE,NA
126,Asteraceae,Hymenoxys cabrerae,K. L. Parker,"cat3: Plantas comunes, aunque no abundantes en una o más de las unidades fitogeográficas del país (caso de taxones con distribución disyunta).",Chaco|Corrientes|Entre Rios|Formosa|Misiones|Santa FE,NA
127,Brassicaceae,Lepidium burkartii,Boelcke,"cat3: Plantas comunes, aunque no abundantes en una o más de las unidades fitogeográficas del país (caso de taxones con distribución disyunta).",Chaco|Corrientes|Entre Rios|Formosa|Misiones|Santa FE,NA
128,Brassicaceae,Lepidium stuckertianum,(Thell.) Boelcke,"cat3: Plantas comunes, aunque no abundantes en una o más de las unidades fitogeográficas del país (caso de taxones con distribución disyunta).",Chaco|Corrientes|Entre Rios|Formosa|Misiones|Santa FE,NA
129,Fabaceae,Lupinus umidicola,C. P. Sm.,"cat3: Plantas comunes, aunque no abundantes en una o más de las unidades fitogeográficas del país (caso de taxones con distribución disyunta).",Chaco|Corrientes|Entre Rios|Formosa|Misiones|Santa FE,NA
130,Fabaceae,Macroptilium arenarium,(Bacigalupo) S. I. Drewes & R. A. Palacios,"cat3: Plantas comunes, aunque no abundantes en una o más de las unidades fitogeográficas del país (caso de taxones con distribución disyunta).",Chaco|Corrientes|Entre Rios|Formosa|Misiones|Santa FE,NA
131,Apocynaceae,Matelea hispida,(Hook. & Arn.) Bacigalupo,"cat3: Plantas comunes, aunque no abundantes en una o más de las unidades fitogeográficas del país (caso de taxones con distribución disyunta).",Chaco|Corrientes|Entre Rios|Formosa|Misiones|Santa FE,NA
132,Asteraceae,Micropsis australis,Cabrera,"cat3: Plantas comunes, aunque no abundantes en una o más de las unidades fitogeográficas del país (caso de taxones con distribución disyunta).",Chaco|Corrientes|Entre Rios|Formosa|Misiones|Santa FE,NA
133,Asteraceae,Noticastrum argentinense,(Cabrera) Cuatrec.,"cat3: Plantas comunes, aunque no abundantes en una o más de las unidades fitogeográficas del país (caso de taxones con distribución disyunta).",Chaco|Corrientes|Entre Rios|Formosa|Misiones|Santa FE,NA
134,Piperaceae,Piper tucumanum,C. DC.,"cat3: Plantas comunes, aunque no abundantes en una o más de las unidades fitogeográficas del país (caso de taxones con distribución disyunta).",Chaco|Corrientes|Entre Rios|Formosa|Misiones|Santa FE,occurs in Misiones
135,Fabaceae,Prosopis abbreviata,Benth.,"cat3: Plantas comunes, aunque no abundantes en una o más de las unidades fitogeográficas del país (caso de taxones con distribución disyunta).",Chaco|Corrientes|Entre Rios|Formosa|Misiones|Santa FE,NA
136,Sclerophylacaceae,Sclerophylax trispermus,Di Fulvio,"cat3: Plantas comunes, aunque no abundantes en una o más de las unidades fitogeográficas del país (caso de taxones con distribución disyunta).",Chaco|Corrientes|Entre Rios|Formosa|Misiones|Santa FE,NA
137,Asteraceae,Senecio glandulifer,Dematteis & Cristóbal,"cat3: Plantas comunes, aunque no abundantes en una o más de las unidades fitogeográficas del país (caso de taxones con distribución disyunta).",Chaco|Corrientes|Entre Rios|Formosa|Misiones|Santa FE,NA
138,Malvaceae,Sida calchaquiensis,Rodrigo,"cat3: Plantas comunes, aunque no abundantes en una o más de las unidades fitogeográficas del país (caso de taxones con distribución disyunta).",Chaco|Corrientes|Entre Rios|Formosa|Misiones|Santa FE,NA
139,Malvaceae,Sphaeralcea chenopodifolia,Rodrigo,"cat3: Plantas comunes, aunque no abundantes en una o más de las unidades fitogeográficas del país (caso de taxones con distribución disyunta).",Chaco|Corrientes|Entre Rios|Formosa|Misiones|Santa FE,NA
140,Malvaceae,Sphaeralcea laciniata,(K.Schum.) Krapov.,"cat3: Plantas comunes, aunque no abundantes en una o más de las unidades fitogeográficas del país (caso de taxones con distribución disyunta).",Chaco|Corrientes|Entre Rios|Formosa|Misiones|Santa FE,NA
141,Euphorbiaceae,Tragia dodencandra,Griseb.,"cat3: Plantas comunes, aunque no abundantes en una o más de las unidades fitogeográficas del país (caso de taxones con distribución disyunta).",Chaco|Corrientes|Entre Rios|Formosa|Misiones|Santa FE,NA
142,Asteraceae,Vernonia lorentzii,Hieron.,"cat3: Plantas comunes, aunque no abundantes en una o más de las unidades fitogeográficas del país (caso de taxones con distribución disyunta).",Chaco|Corrientes|Entre Rios|Formosa|Misiones|Santa FE,occurs in Misiones
143,Amaryllidaceae,Zephyranthes filifolia,Herb. ex Kraenzl.,"cat3: Plantas comunes, aunque no abundantes en una o más de las unidades fitogeográficas del país (caso de taxones con distribución disyunta).",Chaco|Corrientes|Entre Rios|Formosa|Misiones|Santa FE,occurs in Misiones
144,Poaceae,Zizaniopsis villanensis,Quarín,"cat3: Plantas comunes, aunque no abundantes en una o más de las unidades fitogeográficas del país (caso de taxones con distribución disyunta).",Chaco|Corrientes|Entre Rios|Formosa|Misiones|Santa FE,NA
145,Poaceae,Aristida multiramea,Hack.,"cat4: Plantas restringidas a una sola provincia política, o con áreas reducidas compartidas por dos o más provincias políticas contiguas.",Chaco|Corrientes|Entre Rios|Formosa|Misiones|Santa FE,NA
146,Asteraceae,Baccharis phyteuma,Heering,"cat4: Plantas restringidas a una sola provincia política, o con áreas reducidas compartidas por dos o más provincias políticas contiguas.",Chaco|Corrientes|Entre Rios|Formosa|Misiones|Santa FE,NA
147,Begoniaceae,Begonia hassleri,C. DC.,"cat4: Plantas restringidas a una sola provincia política, o con áreas reducidas compartidas por dos o más provincias políticas contiguas.",Chaco|Corrientes|Entre Rios|Formosa|Misiones|Santa FE,endemic to Misiones
148,Rubiaceae,Borreria loretiana,E. L. Cabral,"cat4: Plantas restringidas a una sola provincia política, o con áreas reducidas compartidas por dos o más provincias políticas contiguas.",Chaco|Corrientes|Entre Rios|Formosa|Misiones|Santa FE,endemic to Misiones
149,Cactaceae,Cereus argentinensis,Britton & Rose,"cat4: Plantas restringidas a una sola provincia política, o con áreas reducidas compartidas por dos o más provincias políticas contiguas.",Chaco|Corrientes|Entre Rios|Formosa|Misiones|Santa FE,NA
150,Fabaceae,Clitoria cordobensis,Burkart,"cat4: Plantas restringidas a una sola provincia política, o con áreas reducidas compartidas por dos o más provincias políticas contiguas.",Chaco|Corrientes|Entre Rios|Formosa|Misiones|Santa FE,NA
151,Euphorbiaceae,Cnidosculus loasoides,(Pax) I. M. Johnst.,"cat4: Plantas restringidas a una sola provincia política, o con áreas reducidas compartidas por dos o más provincias políticas contiguas.",Chaco|Corrientes|Entre Rios|Formosa|Misiones|Santa FE,occurs in Misiones
152,Convolvulaceae,Convolvulus schulzei,O'Donell,"cat4: Plantas restringidas a una sola provincia política, o con áreas reducidas compartidas por dos o más provincias políticas contiguas.",Chaco|Corrientes|Entre Rios|Formosa|Misiones|Santa FE,NA
153,Euphorbiaceae,Croton landoltii,Ahumada,"cat4: Plantas restringidas a una sola provincia política, o con áreas reducidas compartidas por dos o más provincias políticas contiguas.",Chaco|Corrientes|Entre Rios|Formosa|Misiones|Santa FE,occurs in Misiones
154,Lythraceae,Cuphea laeviuscula,Bacig.,"cat4: Plantas restringidas a una sola provincia política, o con áreas reducidas compartidas por dos o más provincias políticas contiguas.",Chaco|Corrientes|Entre Rios|Formosa|Misiones|Santa FE,occurs in Misiones
155,Iridaceae,Cypella lapidosa,Ravenna,"cat4: Plantas restringidas a una sola provincia política, o con áreas reducidas compartidas por dos o más provincias políticas contiguas.",Chaco|Corrientes|Entre Rios|Formosa|Misiones|Santa FE,NA
156,Bromeliaceae,Dyckia niederleinii,Mez,"cat4: Plantas restringidas a una sola provincia política, o con áreas reducidas compartidas por dos o más provincias políticas contiguas.",Chaco|Corrientes|Entre Rios|Formosa|Misiones|Santa FE,endemic to Misiones
157,Myrtaceae,Eugenia lilloana,D. Legrand,"cat4: Plantas restringidas a una sola provincia política, o con áreas reducidas compartidas por dos o más provincias políticas contiguas.",Chaco|Corrientes|Entre Rios|Formosa|Misiones|Santa FE,endemic to Misiones
158,Asteraceae,Eupatorium cabrerae,B. L. Rob.,"cat4: Plantas restringidas a una sola provincia política, o con áreas reducidas compartidas por dos o más provincias políticas contiguas.",Chaco|Corrientes|Entre Rios|Formosa|Misiones|Santa FE,NA
159,Asteraceae,Eupatorium militare,B. L. Rob.,"cat4: Plantas restringidas a una sola provincia política, o con áreas reducidas compartidas por dos o más provincias políticas contiguas.",Chaco|Corrientes|Entre Rios|Formosa|Misiones|Santa FE,NA
160,Fabaceae,Galactia glaucophylla,Harms,"cat4: Plantas restringidas a una sola provincia política, o con áreas reducidas compartidas por dos o más provincias políticas contiguas.",Chaco|Corrientes|Entre Rios|Formosa|Misiones|Santa FE,NA
161,Verbenaceae,Glandularia tristachya,(Tronc. & Burkart) Schnack & Covas,"cat4: Plantas restringidas a una sola provincia política, o con áreas reducidas compartidas por dos o más provincias políticas contiguas.",Chaco|Corrientes|Entre Rios|Formosa|Misiones|Santa FE,NA
162,Asteraceae,Grindelia chacoënsis,Bartoli & Tortosa,"cat4: Plantas restringidas a una sola provincia política, o con áreas reducidas compartidas por dos o más provincias políticas contiguas.",Chaco|Corrientes|Entre Rios|Formosa|Misiones|Santa FE,NA
163,Asteraceae,Grindelia ragonesei,Cabrera,"cat4: Plantas restringidas a una sola provincia política, o con áreas reducidas compartidas por dos o más provincias políticas contiguas.",Chaco|Corrientes|Entre Rios|Formosa|Misiones|Santa FE,NA
164,Brassicaceae,Lepidium parodii,Thell.,"cat4: Plantas restringidas a una sola provincia política, o con áreas reducidas compartidas por dos o más provincias políticas contiguas.",Chaco|Corrientes|Entre Rios|Formosa|Misiones|Santa FE,NA
165,Asteraceae,Leptostelma meyeri,(Cabrera) A. Teles,"cat4: Plantas restringidas a una sola provincia política, o con áreas reducidas compartidas por dos o más provincias políticas contiguas.",Chaco|Corrientes|Entre Rios|Formosa|Misiones|Santa FE,NA
166,Poaceae,Nassella argentinensis,(Speg.) Peñailillo,"cat4: Plantas restringidas a una sola provincia política, o con áreas reducidas compartidas por dos o más provincias políticas contiguas.",Chaco|Corrientes|Entre Rios|Formosa|Misiones|Santa FE,NA
167,Alliaceae,Nothoscordum conostylum,Ravenna,"cat4: Plantas restringidas a una sola provincia política, o con áreas reducidas compartidas por dos o más provincias políticas contiguas.",Chaco|Corrientes|Entre Rios|Formosa|Misiones|Santa FE,NA
168,Alliaceae,Nothoscordum entrerianum,Ravenna,"cat4: Plantas restringidas a una sola provincia política, o con áreas reducidas compartidas por dos o más provincias políticas contiguas.",Chaco|Corrientes|Entre Rios|Formosa|Misiones|Santa FE,NA
169,Alliaceae,Nothoscordum moconense,Ravenna,"cat4: Plantas restringidas a una sola provincia política, o con áreas reducidas compartidas por dos o más provincias políticas contiguas.",Chaco|Corrientes|Entre Rios|Formosa|Misiones|Santa FE,endemic to Misiones
170,Alliaceae,Nothoscordum tenuifolium,Ravenna,"cat4: Plantas restringidas a una sola provincia política, o con áreas reducidas compartidas por dos o más provincias políticas contiguas.",Chaco|Corrientes|Entre Rios|Formosa|Misiones|Santa FE,NA
171,Oxalidaceae,Oxalis lindneri,R. Knuth,"cat4: Plantas restringidas a una sola provincia política, o con áreas reducidas compartidas por dos o más provincias políticas contiguas.",Chaco|Corrientes|Entre Rios|Formosa|Misiones|Santa FE,NA
172,Apocynaceae,Oxypetalum lynchianum,T. Mey.,"cat4: Plantas restringidas a una sola provincia política, o con áreas reducidas compartidas por dos o más provincias políticas contiguas.",Chaco|Corrientes|Entre Rios|Formosa|Misiones|Santa FE,NA
173,Malvaceae,Pavonia rubra,Krapov. & Cristóbal,"cat4: Plantas restringidas a una sola provincia política, o con áreas reducidas compartidas por dos o más provincias políticas contiguas.",Chaco|Corrientes|Entre Rios|Formosa|Misiones|Santa FE,occurs in Misiones
174,Orchidaceae,Pelexia paludosa,M. N. Correa,"cat4: Plantas restringidas a una sola provincia política, o con áreas reducidas compartidas por dos o más provincias políticas contiguas.",Chaco|Corrientes|Entre Rios|Formosa|Misiones|Santa FE,NA
175,Portulacaceae,Portulaca obtusifolia,D. Legrand,"cat4: Plantas restringidas a una sola provincia política, o con áreas reducidas compartidas por dos o más provincias políticas contiguas.",Chaco|Corrientes|Entre Rios|Formosa|Misiones|Santa FE,NA
176,Anacardiaceae,Schinus sinuatus,(Griseb.) Engl.,"cat4: Plantas restringidas a una sola provincia política, o con áreas reducidas compartidas por dos o más provincias políticas contiguas.",Chaco|Corrientes|Entre Rios|Formosa|Misiones|Santa FE,NA
177,Iridaceae,Sisyrinchium paucispathum,Ravenna,"cat4: Plantas restringidas a una sola provincia política, o con áreas reducidas compartidas por dos o más provincias políticas contiguas.",Chaco|Corrientes|Entre Rios|Formosa|Misiones|Santa FE,occurs in Misiones
178,Iridaceae,Sisyrinchium scalarium,Ravenna,"cat4: Plantas restringidas a una sola provincia política, o con áreas reducidas compartidas por dos o más provincias políticas contiguas.",Chaco|Corrientes|Entre Rios|Formosa|Misiones|Santa FE,NA
179,Orchidaceae,Anathallis johnsonii,Luer & Toscano,"cat5: Plantas de distribución restringida (como cat. 4) pero con poblaciones escasas o sobre las que se presume que puedan actuar uno o más factores de amenaza (destrucción de hábitat, sobreexplotación, invasiones biológicas, etc.)",Chaco|Corrientes|Entre Rios|Formosa|Misiones|Santa FE,endemic to Misiones
180,Poaceae,Andropogon coloratus,Hack.,"cat5: Plantas de distribución restringida (como cat. 4) pero con poblaciones escasas o sobre las que se presume que puedan actuar uno o más factores de amenaza (destrucción de hábitat, sobreexplotación, invasiones biológicas, etc.)",Chaco|Corrientes|Entre Rios|Formosa|Misiones|Santa FE,NA
181,Asteraceae,Angelphytum hieronymi,(Hassl.) H. Rob.,"cat5: Plantas de distribución restringida (como cat. 4) pero con poblaciones escasas o sobre las que se presume que puedan actuar uno o más factores de amenaza (destrucción de hábitat, sobreexplotación, invasiones biológicas, etc.)",Chaco|Corrientes|Entre Rios|Formosa|Misiones|Santa FE,NA
182,Poaceae,Aristida valida,Henrard,"cat5: Plantas de distribución restringida (como cat. 4) pero con poblaciones escasas o sobre las que se presume que puedan actuar uno o más factores de amenaza (destrucción de hábitat, sobreexplotación, invasiones biológicas, etc.)",Chaco|Corrientes|Entre Rios|Formosa|Misiones|Santa FE,endemic to Misiones
183,Poaceae,Aristida vexativa,Henrard,"cat5: Plantas de distribución restringida (como cat. 4) pero con poblaciones escasas o sobre las que se presume que puedan actuar uno o más factores de amenaza (destrucción de hábitat, sobreexplotación, invasiones biológicas, etc.)",Chaco|Corrientes|Entre Rios|Formosa|Misiones|Santa FE,NA
184,Asteraceae,Baccharis cordobensis,Heering,"cat5: Plantas de distribución restringida (como cat. 4) pero con poblaciones escasas o sobre las que se presume que puedan actuar uno o más factores de amenaza (destrucción de hábitat, sobreexplotación, invasiones biológicas, etc.)",Chaco|Corrientes|Entre Rios|Formosa|Misiones|Santa FE,NA
185,Euphorbiaceae,Bernardia asplundii,Lourteig,"cat5: Plantas de distribución restringida (como cat. 4) pero con poblaciones escasas o sobre las que se presume que puedan actuar uno o más factores de amenaza (destrucción de hábitat, sobreexplotación, invasiones biológicas, etc.)",Chaco|Corrientes|Entre Rios|Formosa|Misiones|Santa FE,NA
186,Euphorbiaceae,Bernardia odonellii,Villa,"cat5: Plantas de distribución restringida (como cat. 4) pero con poblaciones escasas o sobre las que se presume que puedan actuar uno o más factores de amenaza (destrucción de hábitat, sobreexplotación, invasiones biológicas, etc.)",Chaco|Corrientes|Entre Rios|Formosa|Misiones|Santa FE,endemic to Misiones
187,Orchidaceae,Brachystele burkartii,M. N. Correa,"cat5: Plantas de distribución restringida (como cat. 4) pero con poblaciones escasas o sobre las que se presume que puedan actuar uno o más factores de amenaza (destrucción de hábitat, sobreexplotación, invasiones biológicas, etc.)",Chaco|Corrientes|Entre Rios|Formosa|Misiones|Santa FE,endemic to Misiones
188,Poaceae,Bromus bonariensis,Parodi & J. A. Cámara,"cat5: Plantas de distribución restringida (como cat. 4) pero con poblaciones escasas o sobre las que se presume que puedan actuar uno o más factores de amenaza (destrucción de hábitat, sobreexplotación, invasiones biológicas, etc.)",Chaco|Corrientes|Entre Rios|Formosa|Misiones|Santa FE,NA
189,Cyperaceae,Bulbostylis guaglianoneae,M. G. López,"cat5: Plantas de distribución restringida (como cat. 4) pero con poblaciones escasas o sobre las que se presume que puedan actuar uno o más factores de amenaza (destrucción de hábitat, sobreexplotación, invasiones biológicas, etc.)",Chaco|Corrientes|Entre Rios|Formosa|Misiones|Santa FE,endemic to Misiones
190,Arecaceae,Butia noblickii,"Deble, Marchiori, F.S. Alves & A.S. Oliveira","cat5: Plantas de distribución restringida (como cat. 4) pero con poblaciones escasas o sobre las que se presume que puedan actuar uno o más factores de amenaza (destrucción de hábitat, sobreexplotación, invasiones biológicas, etc.)",Chaco|Corrientes|Entre Rios|Formosa|Misiones|Santa FE,NA
191,Solanaceae,Calibrachoa longistyla,Stehmann & Greppi,"cat5: Plantas de distribución restringida (como cat. 4) pero con poblaciones escasas o sobre las que se presume que puedan actuar uno o más factores de amenaza (destrucción de hábitat, sobreexplotación, invasiones biológicas, etc.)",Chaco|Corrientes|Entre Rios|Formosa|Misiones|Santa FE,NA
192,Fabaceae,Centrosema kermesi,Burkart,"cat5: Plantas de distribución restringida (como cat. 4) pero con poblaciones escasas o sobre las que se presume que puedan actuar uno o más factores de amenaza (destrucción de hábitat, sobreexplotación, invasiones biológicas, etc.)",Chaco|Corrientes|Entre Rios|Formosa|Misiones|Santa FE,NA
193,Orchidaceae,Chloraea bella,Hauman,"cat5: Plantas de distribución restringida (como cat. 4) pero con poblaciones escasas o sobre las que se presume que puedan actuar uno o más factores de amenaza (destrucción de hábitat, sobreexplotación, invasiones biológicas, etc.)",Chaco|Corrientes|Entre Rios|Formosa|Misiones|Santa FE,NA
194,Asteraceae,Chrysolaena cordifolia,Dematteis,"cat5: Plantas de distribución restringida (como cat. 4) pero con poblaciones escasas o sobre las que se presume que puedan actuar uno o más factores de amenaza (destrucción de hábitat, sobreexplotación, invasiones biológicas, etc.)",Chaco|Corrientes|Entre Rios|Formosa|Misiones|Santa FE,occurs in Misiones
195,Malvaceae,Cienfuegosia schulzii,Krapov.,"cat5: Plantas de distribución restringida (como cat. 4) pero con poblaciones escasas o sobre las que se presume que puedan actuar uno o más factores de amenaza (destrucción de hábitat, sobreexplotación, invasiones biológicas, etc.)",Chaco|Corrientes|Entre Rios|Formosa|Misiones|Santa FE,NA
196,Convolvulaceae,Convolvulus lilloi,O'Donell,"cat5: Plantas de distribución restringida (como cat. 4) pero con poblaciones escasas o sobre las que se presume que puedan actuar uno o más factores de amenaza (destrucción de hábitat, sobreexplotación, invasiones biológicas, etc.)",Chaco|Corrientes|Entre Rios|Formosa|Misiones|Santa FE,occurs in Misiones
197,Euphorbiaceae,Croton laureltyanus,Ahumada,"cat5: Plantas de distribución restringida (como cat. 4) pero con poblaciones escasas o sobre las que se presume que puedan actuar uno o más factores de amenaza (destrucción de hábitat, sobreexplotación, invasiones biológicas, etc.)",Chaco|Corrientes|Entre Rios|Formosa|Misiones|Santa FE,NA
198,Euphorbiaceae,Croton santolinus,Baill.,"cat5: Plantas de distribución restringida (como cat. 4) pero con poblaciones escasas o sobre las que se presume que puedan actuar uno o más factores de amenaza (destrucción de hábitat, sobreexplotación, invasiones biológicas, etc.)",Chaco|Corrientes|Entre Rios|Formosa|Misiones|Santa FE,NA
199,Iridaceae,Cypella suffusa,Ravenna,"cat5: Plantas de distribución restringida (como cat. 4) pero con poblaciones escasas o sobre las que se presume que puedan actuar uno o más factores de amenaza (destrucción de hábitat, sobreexplotación, invasiones biológicas, etc.)",Chaco|Corrientes|Entre Rios|Formosa|Misiones|Santa FE,endemic to Misiones
200,Iridaceae,Cypella trimontina,Ravenna,"cat5: Plantas de distribución restringida (como cat. 4) pero con poblaciones escasas o sobre las que se presume que puedan actuar uno o más factores de amenaza (destrucción de hábitat, sobreexplotación, invasiones biológicas, etc.)",Chaco|Corrientes|Entre Rios|Formosa|Misiones|Santa FE,NA
201,Iridaceae,Cypella yatayphila,Ravenna,"cat5: Plantas de distribución restringida (como cat. 4) pero con poblaciones escasas o sobre las que se presume que puedan actuar uno o más factores de amenaza (destrucción de hábitat, sobreexplotación, invasiones biológicas, etc.)",Chaco|Corrientes|Entre Rios|Formosa|Misiones|Santa FE,NA
202,Fabaceae,Desmodium burkartii,L.C.P. Lima & Vanni,"cat5: Plantas de distribución restringida (como cat. 4) pero con poblaciones escasas o sobre las que se presume que puedan actuar uno o más factores de amenaza (destrucción de hábitat, sobreexplotación, invasiones biológicas, etc.)",Chaco|Corrientes|Entre Rios|Formosa|Misiones|Santa FE,NA
203,Poaceae,Digitaria chacoensis,(Parodi) Henrard,"cat5: Plantas de distribución restringida (como cat. 4) pero con poblaciones escasas o sobre las que se presume que puedan actuar uno o más factores de amenaza (destrucción de hábitat, sobreexplotación, invasiones biológicas, etc.)",Chaco|Corrientes|Entre Rios|Formosa|Misiones|Santa FE,NA
204,Bromeliaceae,Dyckia mitis,A. Cast.,"cat5: Plantas de distribución restringida (como cat. 4) pero con poblaciones escasas o sobre las que se presume que puedan actuar uno o más factores de amenaza (destrucción de hábitat, sobreexplotación, invasiones biológicas, etc.)",Chaco|Corrientes|Entre Rios|Formosa|Misiones|Santa FE,endemic to Misiones
205,Bromeliaceae,Dyckia subinermis,Mez,"cat5: Plantas de distribución restringida (como cat. 4) pero con poblaciones escasas o sobre las que se presume que puedan actuar uno o más factores de amenaza (destrucción de hábitat, sobreexplotación, invasiones biológicas, etc.)",Chaco|Corrientes|Entre Rios|Formosa|Misiones|Santa FE,endemic to Misiones
206,Eriocaulaceae,Eriocaulon missionum,A. Cast.,"cat5: Plantas de distribución restringida (como cat. 4) pero con poblaciones escasas o sobre las que se presume que puedan actuar uno o más factores de amenaza (destrucción de hábitat, sobreexplotación, invasiones biológicas, etc.)",Chaco|Corrientes|Entre Rios|Formosa|Misiones|Santa FE,endemic to Misiones
207,Poaceae,Eriochloa nana,Arriaga,"cat5: Plantas de distribución restringida (como cat. 4) pero con poblaciones escasas o sobre las que se presume que puedan actuar uno o más factores de amenaza (destrucción de hábitat, sobreexplotación, invasiones biológicas, etc.)",Chaco|Corrientes|Entre Rios|Formosa|Misiones|Santa FE,NA
208,Apiaceae,Eryngium cabrerae,Pontiroli,"cat5: Plantas de distribución restringida (como cat. 4) pero con poblaciones escasas o sobre las que se presume que puedan actuar uno o más factores de amenaza (destrucción de hábitat, sobreexplotación, invasiones biológicas, etc.)",Chaco|Corrientes|Entre Rios|Formosa|Misiones|Santa FE,NA
209,Asteraceae,Eupatorium mikaniifolium,B. L. Rob.,"cat5: Plantas de distribución restringida (como cat. 4) pero con poblaciones escasas o sobre las que se presume que puedan actuar uno o más factores de amenaza (destrucción de hábitat, sobreexplotación, invasiones biológicas, etc.)",Chaco|Corrientes|Entre Rios|Formosa|Misiones|Santa FE,NA
210,Euphorbiaceae,Euphorbia burkartii,Bacigalupo,"cat5: Plantas de distribución restringida (como cat. 4) pero con poblaciones escasas o sobre las que se presume que puedan actuar uno o más factores de amenaza (destrucción de hábitat, sobreexplotación, invasiones biológicas, etc.)",Chaco|Corrientes|Entre Rios|Formosa|Misiones|Santa FE,NA
211,Euphorbiaceae,Euphorbia pedersenii,Subils,"cat5: Plantas de distribución restringida (como cat. 4) pero con poblaciones escasas o sobre las que se presume que puedan actuar uno o más factores de amenaza (destrucción de hábitat, sobreexplotación, invasiones biológicas, etc.)",Chaco|Corrientes|Entre Rios|Formosa|Misiones|Santa FE,NA
212,Apocynaceae,Forsteronia correntina,C. Ezcurra & Tressens,"cat5: Plantas de distribución restringida (como cat. 4) pero con poblaciones escasas o sobre las que se presume que puedan actuar uno o más factores de amenaza (destrucción de hábitat, sobreexplotación, invasiones biológicas, etc.)",Chaco|Corrientes|Entre Rios|Formosa|Misiones|Santa FE,NA
213,Malvaceae,Gaya Kelleri,Krapov.,"cat5: Plantas de distribución restringida (como cat. 4) pero con poblaciones escasas o sobre las que se presume que puedan actuar uno o más factores de amenaza (destrucción de hábitat, sobreexplotación, invasiones biológicas, etc.)",Chaco|Corrientes|Entre Rios|Formosa|Misiones|Santa FE,endemic to Misiones
214,Geraniaceae,Geranium parodii,I.M. Johnst.,"cat5: Plantas de distribución restringida (como cat. 4) pero con poblaciones escasas o sobre las que se presume que puedan actuar uno o más factores de amenaza (destrucción de hábitat, sobreexplotación, invasiones biológicas, etc.)",Chaco|Corrientes|Entre Rios|Formosa|Misiones|Santa FE,NA
215,Poaceae,Guadua variegata,Lizarazu,"cat5: Plantas de distribución restringida (como cat. 4) pero con poblaciones escasas o sobre las que se presume que puedan actuar uno o más factores de amenaza (destrucción de hábitat, sobreexplotación, invasiones biológicas, etc.)",Chaco|Corrientes|Entre Rios|Formosa|Misiones|Santa FE,endemic to Misiones
216,Cactaceae,Gymnocalycium angelae,Meregalli,"cat5: Plantas de distribución restringida (como cat. 4) pero con poblaciones escasas o sobre las que se presume que puedan actuar uno o más factores de amenaza (destrucción de hábitat, sobreexplotación, invasiones biológicas, etc.)",Chaco|Corrientes|Entre Rios|Formosa|Misiones|Santa FE,NA
217,Cactaceae,Gymnocalycium mesopotamicum,R. Kiesling,"cat5: Plantas de distribución restringida (como cat. 4) pero con poblaciones escasas o sobre las que se presume que puedan actuar uno o más factores de amenaza (destrucción de hábitat, sobreexplotación, invasiones biológicas, etc.)",Chaco|Corrientes|Entre Rios|Formosa|Misiones|Santa FE,NA
218,Amaryllidaceae,Habranthus correntinus,"Roitman, J. A. Castillo & M. R. Barrios","cat5: Plantas de distribución restringida (como cat. 4) pero con poblaciones escasas o sobre las que se presume que puedan actuar uno o más factores de amenaza (destrucción de hábitat, sobreexplotación, invasiones biológicas, etc.)",Chaco|Corrientes|Entre Rios|Formosa|Misiones|Santa FE,NA
219,Amaryllidaceae,Habranthus matacus,Ravenna,"cat5: Plantas de distribución restringida (como cat. 4) pero con poblaciones escasas o sobre las que se presume que puedan actuar uno o más factores de amenaza (destrucción de hábitat, sobreexplotación, invasiones biológicas, etc.)",Chaco|Corrientes|Entre Rios|Formosa|Misiones|Santa FE,NA
220,Amaryllidaceae,Habranthus salinarum,Ravenna,"cat5: Plantas de distribución restringida (como cat. 4) pero con poblaciones escasas o sobre las que se presume que puedan actuar uno o más factores de amenaza (destrucción de hábitat, sobreexplotación, invasiones biológicas, etc.)",Chaco|Corrientes|Entre Rios|Formosa|Misiones|Santa FE,NA
221,Amaryllidaceae,Habranthus schulzianus,Ravenna,"cat5: Plantas de distribución restringida (como cat. 4) pero con poblaciones escasas o sobre las que se presume que puedan actuar uno o más factores de amenaza (destrucción de hábitat, sobreexplotación, invasiones biológicas, etc.)",Chaco|Corrientes|Entre Rios|Formosa|Misiones|Santa FE,NA
222,Violaceae,Hybanthus leucopogon,Sparre,"cat5: Plantas de distribución restringida (como cat. 4) pero con poblaciones escasas o sobre las que se presume que puedan actuar uno o más factores de amenaza (destrucción de hábitat, sobreexplotación, invasiones biológicas, etc.)",Chaco|Corrientes|Entre Rios|Formosa|Misiones|Santa FE,NA
223,Lamiaceae,Hyptis australis,Epling,"cat5: Plantas de distribución restringida (como cat. 4) pero con poblaciones escasas o sobre las que se presume que puedan actuar uno o más factores de amenaza (destrucción de hábitat, sobreexplotación, invasiones biológicas, etc.)",Chaco|Corrientes|Entre Rios|Formosa|Misiones|Santa FE,endemic to Misiones
224,Isoëtaceae,Isoëtes ekmanii,U. Weber,"cat5: Plantas de distribución restringida (como cat. 4) pero con poblaciones escasas o sobre las que se presume que puedan actuar uno o más factores de amenaza (destrucción de hábitat, sobreexplotación, invasiones biológicas, etc.)",Chaco|Corrientes|Entre Rios|Formosa|Misiones|Santa FE,occurs in Misiones
225,Isoëtaceae,Isoëtes pedersenii,H. P. Fuchs,"cat5: Plantas de distribución restringida (como cat. 4) pero con poblaciones escasas o sobre las que se presume que puedan actuar uno o más factores de amenaza (destrucción de hábitat, sobreexplotación, invasiones biológicas, etc.)",Chaco|Corrientes|Entre Rios|Formosa|Misiones|Santa FE,NA
226,Convolvulaceae,Jacquemontia laxiflora,O'Donell,"cat5: Plantas de distribución restringida (como cat. 4) pero con poblaciones escasas o sobre las que se presume que puedan actuar uno o más factores de amenaza (destrucción de hábitat, sobreexplotación, invasiones biológicas, etc.)",Chaco|Corrientes|Entre Rios|Formosa|Misiones|Santa FE,occurs in Misiones
227,Verbenaceae,Lantana entrerriensis,Tronc.,"cat5: Plantas de distribución restringida (como cat. 4) pero con poblaciones escasas o sobre las que se presume que puedan actuar uno o más factores de amenaza (destrucción de hábitat, sobreexplotación, invasiones biológicas, etc.)",Chaco|Corrientes|Entre Rios|Formosa|Misiones|Santa FE,NA
228,Melastomataceae,Leandra niederleinii,Cogn.,"cat5: Plantas de distribución restringida (como cat. 4) pero con poblaciones escasas o sobre las que se presume que puedan actuar uno o más factores de amenaza (destrucción de hábitat, sobreexplotación, invasiones biológicas, etc.)",Chaco|Corrientes|Entre Rios|Formosa|Misiones|Santa FE,endemic to Misiones
229,Solanaceae,Lycium athium,Bernadello,"cat5: Plantas de distribución restringida (como cat. 4) pero con poblaciones escasas o sobre las que se presume que puedan actuar uno o más factores de amenaza (destrucción de hábitat, sobreexplotación, invasiones biológicas, etc.)",Chaco|Corrientes|Entre Rios|Formosa|Misiones|Santa FE,NA
230,Malvaceae,Malvastrum uniapiculatum,Krapov.,"cat5: Plantas de distribución restringida (como cat. 4) pero con poblaciones escasas o sobre las que se presume que puedan actuar uno o más factores de amenaza (destrucción de hábitat, sobreexplotación, invasiones biológicas, etc.)",Chaco|Corrientes|Entre Rios|Formosa|Misiones|Santa FE,endemic to Misiones
231,Apocynaceae,Marsdenia tressensiae,S. A. Cáceres & Morillo,"cat5: Plantas de distribución restringida (como cat. 4) pero con poblaciones escasas o sobre las que se presume que puedan actuar uno o más factores de amenaza (destrucción de hábitat, sobreexplotación, invasiones biológicas, etc.)",Chaco|Corrientes|Entre Rios|Formosa|Misiones|Santa FE,NA
232,Plantaginaceae,Mecardonia kamogawae,Greppi & J.C. Hagiw.,"cat5: Plantas de distribución restringida (como cat. 4) pero con poblaciones escasas o sobre las que se presume que puedan actuar uno o más factores de amenaza (destrucción de hábitat, sobreexplotación, invasiones biológicas, etc.)",Chaco|Corrientes|Entre Rios|Formosa|Misiones|Santa FE,NA
233,Poaceae,Mesosetum comatum,Swallen,"cat5: Plantas de distribución restringida (como cat. 4) pero con poblaciones escasas o sobre las que se presume que puedan actuar uno o más factores de amenaza (destrucción de hábitat, sobreexplotación, invasiones biológicas, etc.)",Chaco|Corrientes|Entre Rios|Formosa|Misiones|Santa FE,endemic to Misiones
234,Asteraceae,Mikania summinima,W. C. Holmes,"cat5: Plantas de distribución restringida (como cat. 4) pero con poblaciones escasas o sobre las que se presume que puedan actuar uno o más factores de amenaza (destrucción de hábitat, sobreexplotación, invasiones biológicas, etc.)",Chaco|Corrientes|Entre Rios|Formosa|Misiones|Santa FE,endemic to Misiones
235,Fabaceae,Mimosa longiracemosa,(Burkart) Barneby,"cat5: Plantas de distribución restringida (como cat. 4) pero con poblaciones escasas o sobre las que se presume que puedan actuar uno o más factores de amenaza (destrucción de hábitat, sobreexplotación, invasiones biológicas, etc.)",Chaco|Corrientes|Entre Rios|Formosa|Misiones|Santa FE,endemic to Misiones
236,Malvaceae,Modiolastrum australe,Krapov.,"cat5: Plantas de distribución restringida (como cat. 4) pero con poblaciones escasas o sobre las que se presume que puedan actuar uno o más factores de amenaza (destrucción de hábitat, sobreexplotación, invasiones biológicas, etc.)",Chaco|Corrientes|Entre Rios|Formosa|Misiones|Santa FE,NA
237,Cactaceae,Monvillea krapovickiana,R. Kiesling,"cat5: Plantas de distribución restringida (como cat. 4) pero con poblaciones escasas o sobre las que se presume que puedan actuar uno o más factores de amenaza (destrucción de hábitat, sobreexplotación, invasiones biológicas, etc.)",Chaco|Corrientes|Entre Rios|Formosa|Misiones|Santa FE,NA
238,Alliaceae,Nothoscordum basalticum,Ravenna,"cat5: Plantas de distribución restringida (como cat. 4) pero con poblaciones escasas o sobre las que se presume que puedan actuar uno o más factores de amenaza (destrucción de hábitat, sobreexplotación, invasiones biológicas, etc.)",Chaco|Corrientes|Entre Rios|Formosa|Misiones|Santa FE,NA
239,Alliaceae,Nothoscordum correntinum,Ravenna,"cat5: Plantas de distribución restringida (como cat. 4) pero con poblaciones escasas o sobre las que se presume que puedan actuar uno o más factores de amenaza (destrucción de hábitat, sobreexplotación, invasiones biológicas, etc.)",Chaco|Corrientes|Entre Rios|Formosa|Misiones|Santa FE,NA
240,Alliaceae,Nothoscordum glareosum,Ravenna,"cat5: Plantas de distribución restringida (como cat. 4) pero con poblaciones escasas o sobre las que se presume que puedan actuar uno o más factores de amenaza (destrucción de hábitat, sobreexplotación, invasiones biológicas, etc.)",Chaco|Corrientes|Entre Rios|Formosa|Misiones|Santa FE,NA
241,Alliaceae,Nothoscordum itatiense,Ravenna,"cat5: Plantas de distribución restringida (como cat. 4) pero con poblaciones escasas o sobre las que se presume que puedan actuar uno o más factores de amenaza (destrucción de hábitat, sobreexplotación, invasiones biológicas, etc.)",Chaco|Corrientes|Entre Rios|Formosa|Misiones|Santa FE,NA
242,Alliaceae,Nothoscordum patricium,Ravenna,"cat5: Plantas de distribución restringida (como cat. 4) pero con poblaciones escasas o sobre las que se presume que puedan actuar uno o más factores de amenaza (destrucción de hábitat, sobreexplotación, invasiones biológicas, etc.)",Chaco|Corrientes|Entre Rios|Formosa|Misiones|Santa FE,NA
243,Alliaceae,Nothoscordum yatainum,Ravenna,"cat5: Plantas de distribución restringida (como cat. 4) pero con poblaciones escasas o sobre las que se presume que puedan actuar uno o más factores de amenaza (destrucción de hábitat, sobreexplotación, invasiones biológicas, etc.)",Chaco|Corrientes|Entre Rios|Formosa|Misiones|Santa FE,NA
244,Apocynaceae,Oxypetalum fontellae,S. A. Cáceres,"cat5: Plantas de distribución restringida (como cat. 4) pero con poblaciones escasas o sobre las que se presume que puedan actuar uno o más factores de amenaza (destrucción de hábitat, sobreexplotación, invasiones biológicas, etc.)",Chaco|Corrientes|Entre Rios|Formosa|Misiones|Santa FE,NA
245,Apocynaceae,Oxypetalum gracile,T. Mey.,"cat5: Plantas de distribución restringida (como cat. 4) pero con poblaciones escasas o sobre las que se presume que puedan actuar uno o más factores de amenaza (destrucción de hábitat, sobreexplotación, invasiones biológicas, etc.)",Chaco|Corrientes|Entre Rios|Formosa|Misiones|Santa FE,NA
246,Apocynaceae,Oxypetalum ostenii,Malme,"cat5: Plantas de distribución restringida (como cat. 4) pero con poblaciones escasas o sobre las que se presume que puedan actuar uno o más factores de amenaza (destrucción de hábitat, sobreexplotación, invasiones biológicas, etc.)",Chaco|Corrientes|Entre Rios|Formosa|Misiones|Santa FE,endemic to Misiones
247,Apocynaceae,Oxypetalum teyucuarense,Farinaccio & H.A. Keller,"cat5: Plantas de distribución restringida (como cat. 4) pero con poblaciones escasas o sobre las que se presume que puedan actuar uno o más factores de amenaza (destrucción de hábitat, sobreexplotación, invasiones biológicas, etc.)",Chaco|Corrientes|Entre Rios|Formosa|Misiones|Santa FE,endemic to Misiones
248,Poaceae,Piptochaetium burkartianum,Parodi,"cat5: Plantas de distribución restringida (como cat. 4) pero con poblaciones escasas o sobre las que se presume que puedan actuar uno o más factores de amenaza (destrucción de hábitat, sobreexplotación, invasiones biológicas, etc.)",Chaco|Corrientes|Entre Rios|Formosa|Misiones|Santa FE,NA
249,Poaceae,Poa iridifolia,Hauman,"cat5: Plantas de distribución restringida (como cat. 4) pero con poblaciones escasas o sobre las que se presume que puedan actuar uno o más factores de amenaza (destrucción de hábitat, sobreexplotación, invasiones biológicas, etc.)",Chaco|Corrientes|Entre Rios|Formosa|Misiones|Santa FE,NA
250,Portulacaceae,Portulaca meyeri,D. Legrand,"cat5: Plantas de distribución restringida (como cat. 4) pero con poblaciones escasas o sobre las que se presume que puedan actuar uno o más factores de amenaza (destrucción de hábitat, sobreexplotación, invasiones biológicas, etc.)",Chaco|Corrientes|Entre Rios|Formosa|Misiones|Santa FE,NA
251,Orchidaceae,Pteroglossa luteola,Garay,"cat5: Plantas de distribución restringida (como cat. 4) pero con poblaciones escasas o sobre las que se presume que puedan actuar uno o más factores de amenaza (destrucción de hábitat, sobreexplotación, invasiones biológicas, etc.)",Chaco|Corrientes|Entre Rios|Formosa|Misiones|Santa FE,NA
252,Orchidaceae,Pteroglossa regia,(Kraenzl.) Schltr.,"cat5: Plantas de distribución restringida (como cat. 4) pero con poblaciones escasas o sobre las que se presume que puedan actuar uno o más factores de amenaza (destrucción de hábitat, sobreexplotación, invasiones biológicas, etc.)",Chaco|Corrientes|Entre Rios|Formosa|Misiones|Santa FE,endemic to Misiones
253,Polygonaceae,Rumex polycarpus,Rech. f.,"cat5: Plantas de distribución restringida (como cat. 4) pero con poblaciones escasas o sobre las que se presume que puedan actuar uno o más factores de amenaza (destrucción de hábitat, sobreexplotación, invasiones biológicas, etc.)",Chaco|Corrientes|Entre Rios|Formosa|Misiones|Santa FE,NA
254,Cyperaceae,Scleria schulzii,Barros,"cat5: Plantas de distribución restringida (como cat. 4) pero con poblaciones escasas o sobre las que se presume que puedan actuar uno o más factores de amenaza (destrucción de hábitat, sobreexplotación, invasiones biológicas, etc.)",Chaco|Corrientes|Entre Rios|Formosa|Misiones|Santa FE,NA
255,Malvaceae,Sida pindapoyensis,Krapov.,"cat5: Plantas de distribución restringida (como cat. 4) pero con poblaciones escasas o sobre las que se presume que puedan actuar uno o más factores de amenaza (destrucción de hábitat, sobreexplotación, invasiones biológicas, etc.)",Chaco|Corrientes|Entre Rios|Formosa|Misiones|Santa FE,endemic to Misiones
256,Malvaceae,Sida rhizomatosa,Krapov.,"cat5: Plantas de distribución restringida (como cat. 4) pero con poblaciones escasas o sobre las que se presume que puedan actuar uno o más factores de amenaza (destrucción de hábitat, sobreexplotación, invasiones biológicas, etc.)",Chaco|Corrientes|Entre Rios|Formosa|Misiones|Santa FE,endemic to Misiones
257,Malvaceae,Sida tressensiae,Krapov.,"cat5: Plantas de distribución restringida (como cat. 4) pero con poblaciones escasas o sobre las que se presume que puedan actuar uno o más factores de amenaza (destrucción de hábitat, sobreexplotación, invasiones biológicas, etc.)",Chaco|Corrientes|Entre Rios|Formosa|Misiones|Santa FE,NA
258,Campanulaceae,Siphocampylus hypopogon,E. Wimm.,"cat5: Plantas de distribución restringida (como cat. 4) pero con poblaciones escasas o sobre las que se presume que puedan actuar uno o más factores de amenaza (destrucción de hábitat, sobreexplotación, invasiones biológicas, etc.)",Chaco|Corrientes|Entre Rios|Formosa|Misiones|Santa FE,endemic to Misiones
259,Campanulaceae,Siphocampylus yerbalensis,E. Wimm.,"cat5: Plantas de distribución restringida (como cat. 4) pero con poblaciones escasas o sobre las que se presume que puedan actuar uno o más factores de amenaza (destrucción de hábitat, sobreexplotación, invasiones biológicas, etc.)",Chaco|Corrientes|Entre Rios|Formosa|Misiones|Santa FE,endemic to Misiones
260,Iridaceae,Sisyrinchium ciliolatum,(Ravenna) Ravenna,"cat5: Plantas de distribución restringida (como cat. 4) pero con poblaciones escasas o sobre las que se presume que puedan actuar uno o más factores de amenaza (destrucción de hábitat, sobreexplotación, invasiones biológicas, etc.)",Chaco|Corrientes|Entre Rios|Formosa|Misiones|Santa FE,NA
261,Orchidaceae,Skeptrostachys correana,Szlach.,"cat5: Plantas de distribución restringida (como cat. 4) pero con poblaciones escasas o sobre las que se presume que puedan actuar uno o más factores de amenaza (destrucción de hábitat, sobreexplotación, invasiones biológicas, etc.)",Chaco|Corrientes|Entre Rios|Formosa|Misiones|Santa FE,NA
262,Solanaceae,Solanum pedersenii,Cabrera,"cat5: Plantas de distribución restringida (como cat. 4) pero con poblaciones escasas o sobre las que se presume que puedan actuar uno o más factores de amenaza (destrucción de hábitat, sobreexplotación, invasiones biológicas, etc.)",Chaco|Corrientes|Entre Rios|Formosa|Misiones|Santa FE,NA
263,Rubiaceae,Staelia juarezii,E. L. Cabral & Salas,"cat5: Plantas de distribución restringida (como cat. 4) pero con poblaciones escasas o sobre las que se presume que puedan actuar uno o más factores de amenaza (destrucción de hábitat, sobreexplotación, invasiones biológicas, etc.)",Chaco|Corrientes|Entre Rios|Formosa|Misiones|Santa FE,NA
264,Plantaginaceae,Stemodia diplohyptoides,M.M. Sosa & Dematteis,"cat5: Plantas de distribución restringida (como cat. 4) pero con poblaciones escasas o sobre las que se presume que puedan actuar uno o más factores de amenaza (destrucción de hábitat, sobreexplotación, invasiones biológicas, etc.)",Chaco|Corrientes|Entre Rios|Formosa|Misiones|Santa FE,endemic to Misiones
265,Fabaceae,Tephrosia fertilis,R.T. Queiroz & A.M.G. Azevedo,"cat5: Plantas de distribución restringida (como cat. 4) pero con poblaciones escasas o sobre las que se presume que puedan actuar uno o más factores de amenaza (destrucción de hábitat, sobreexplotación, invasiones biológicas, etc.)",Chaco|Corrientes|Entre Rios|Formosa|Misiones|Santa FE,endemic to Misiones
266,Asteraceae,Vernonia correntina,Cabrera & Cristóbal,"cat5: Plantas de distribución restringida (como cat. 4) pero con poblaciones escasas o sobre las que se presume que puedan actuar uno o más factores de amenaza (destrucción de hábitat, sobreexplotación, invasiones biológicas, etc.)",Chaco|Corrientes|Entre Rios|Formosa|Misiones|Santa FE,occurs in Misiones
267,Asteraceae,Vernonia spicata,Cabrera,"cat5: Plantas de distribución restringida (como cat. 4) pero con poblaciones escasas o sobre las que se presume que puedan actuar uno o más factores de amenaza (destrucción de hábitat, sobreexplotación, invasiones biológicas, etc.)",Chaco|Corrientes|Entre Rios|Formosa|Misiones|Santa FE,endemic to Misiones
268,Asteraceae,Vernonia teyucuarensis,Cabrera,"cat5: Plantas de distribución restringida (como cat. 4) pero con poblaciones escasas o sobre las que se presume que puedan actuar uno o más factores de amenaza (destrucción de hábitat, sobreexplotación, invasiones biológicas, etc.)",Chaco|Corrientes|Entre Rios|Formosa|Misiones|Santa FE,endemic to Misiones
269,Asteraceae,Viguiera fabrisii,A. A. Sáenz,"cat5: Plantas de distribución restringida (como cat. 4) pero con poblaciones escasas o sobre las que se presume que puedan actuar uno o más factores de amenaza (destrucción de hábitat, sobreexplotación, invasiones biológicas, etc.)",Chaco|Corrientes|Entre Rios|Formosa|Misiones|Santa FE,NA
270,Asteraceae,Viguiera misionensis,A. A. Sáenz,"cat5: Plantas de distribución restringida (como cat. 4) pero con poblaciones escasas o sobre las que se presume que puedan actuar uno o más factores de amenaza (destrucción de hábitat, sobreexplotación, invasiones biológicas, etc.)",Chaco|Corrientes|Entre Rios|Formosa|Misiones|Santa FE,endemic to Misiones
271,Podostemaceae,Wettsteiniola apipensis,Tur,"cat5: Plantas de distribución restringida (como cat. 4) pero con poblaciones escasas o sobre las que se presume que puedan actuar uno o más factores de amenaza (destrucción de hábitat, sobreexplotación, invasiones biológicas, etc.)",Chaco|Corrientes|Entre Rios|Formosa|Misiones|Santa FE,NA
