"species.correct","N","dbh.crit","p","p.est","str.match"
"Abarema brachystachya",6,NA,NA,"0.5122","unknown_small_tree"
"Abarema cochliacarpos",1,12.5,1,"0.4498","early_secondary_large_tree"
"Abarema filamentosa",5,12.5,0.4,"0.4498","early_secondary_large_tree"
"Abarema langsdorffii",127,12.5,0.464566929133858,"0.4498","early_secondary_large_tree"
"Acnistus arborescens",2,7,0.5,"0.5998","early_secondary_small_tree"
"Actinostemon appendiculatus",7,NA,NA,"0.5122","unknown_small_tree"
"Actinostemon concepcionis",535,8,0.0261682242990654,"0.4927","late_secondary_small_tree"
"Actinostemon concolor",383,8,0.16710182767624,"0.4927","late_secondary_small_tree"
"Actinostemon klotzschii",4,8,0,"0.4927","late_secondary_small_tree"
"Actinostemon verticillatus",45,15,0,"0.3047","late_secondary_large_tree"
"Adenocalymma hirtum",1,NA,NA,NA,"NA_NA"
"Adenocalymma salmoneum",1,NA,NA,NA,"NA_NA"
"Adenocalymma validum",1,NA,NA,NA,"NA_NA"
"Aegiphila brachiata",6,7,0.666666666666667,"0.5998","early_secondary_small_tree"
"Aegiphila integrifolia",29,10,0.413793103448276,"0.5842","pioneer_large_tree"
"Agonandra excelsa",49,15,0.326530612244898,"0.3047","late_secondary_large_tree"
"Aiouea acarodomatifera",44,15,0.477272727272727,"0.3047","late_secondary_large_tree"
"Aiouea hirsuta",1,8,1,"0.4927","late_secondary_small_tree"
"Aiouea saligna",51,15,0.490196078431373,"0.3047","late_secondary_large_tree"
"Albizia niopoides",19,12.5,0.842105263157895,"0.4498","early_secondary_large_tree"
"Albizia pedicellaris",179,15,0.70391061452514,"0.3047","late_secondary_large_tree"
"Albizia polycephala",19,12.5,0.736842105263158,"0.4498","early_secondary_large_tree"
"Alchornea glandulosa",179,10,0.675977653631285,"0.5842","pioneer_large_tree"
"Alchornea triplinervia",785,12.5,0.656050955414013,"0.4498","early_secondary_large_tree"
"Algernonia leandrii",2,8,1,"0.4927","late_secondary_small_tree"
"Allagoptera caudescens",2,7,1,"0.5998","early_secondary_small_tree"
"Allophylus edulis",18,12.5,0.166666666666667,"0.4498","early_secondary_large_tree"
"Allophylus membranifolius",1,7,1,"0.5998","early_secondary_small_tree"
"Allophylus petiolulatus",49,15,0.0408163265306122,"0.3047","late_secondary_large_tree"
"Allophylus puberulus",1,12.5,0,"0.4498","early_secondary_large_tree"
"Aloysia virgata",5,6,1,"0.7213","pioneer_small_tree"
"Alseis floribunda",162,12.5,0.45679012345679,"0.4498","early_secondary_large_tree"
"Alsophila setosa",28,20,0,"0.2533","climax_large_tree"
"Alsophila sternbergii",445,15,0.049438202247191,"0.3047","late_secondary_large_tree"
"Amaioua guianensis",282,12.5,0.333333333333333,"0.4498","early_secondary_large_tree"
"Amaioua intermedia",1098,12.5,0.309653916211293,"0.4498","early_secondary_large_tree"
"Amanoa guianensis",17,12.5,0.411764705882353,"0.4498","early_secondary_large_tree"
"Amanoa oblongifolia",1,NA,NA,NA,"NA_NA"
"Ampelocera glabra",86,12.5,0.430232558139535,"0.4498","early_secondary_large_tree"
"Amphilophium bauhinioides",2,NA,NA,NA,"NA_NA"
"Amphirrhox longifolia",1,8,1,"0.4927","late_secondary_small_tree"
"Anaxagorea dolichocarpa",177,8,0.395480225988701,"0.4927","late_secondary_small_tree"
"Andira anthelmia",688,12.5,0.303779069767442,"0.4498","early_secondary_large_tree"
"Andira fraxinifolia",50,12.5,0.14,"0.4498","early_secondary_large_tree"
"Andira legalis",2,12.5,0.5,"0.4498","early_secondary_large_tree"
"Andira lewisii",2,NA,NA,NA,"NA_NA"
"Andira nitida",4,12.5,0.5,"0.4498","early_secondary_large_tree"
"Andradea floribunda",2,12.5,1,"0.4498","early_secondary_large_tree"
"Aniba firmula",119,15,0.378151260504202,"0.3047","late_secondary_large_tree"
"Aniba intermedia",16,NA,NA,"0.3342","unknown_large_tree"
"Aniba viridis",88,8,0.5,"0.4927","late_secondary_small_tree"
"Annona acutiflora",8,7,0.375,"0.5998","early_secondary_small_tree"
"Annona bahiensis",14,10,0.357142857142857,"0.5842","pioneer_large_tree"
"Annona cacans",11,12.5,0.909090909090909,"0.4498","early_secondary_large_tree"
"Annona dolabripetala",3,12.5,0.666666666666667,"0.4498","early_secondary_large_tree"
"Annona emarginata",1,12.5,1,"0.4498","early_secondary_large_tree"
"Annona neosericea",217,12.5,0.663594470046083,"0.4498","early_secondary_large_tree"
"Annona parviflora",2,6,0.5,"0.7213","pioneer_small_tree"
"Annona salzmannii",13,12.5,0.461538461538462,"0.4498","early_secondary_large_tree"
"Annona sylvatica",43,12.5,0.302325581395349,"0.4498","early_secondary_large_tree"
"Aparisthmium cordatum",222,10,0.121621621621622,"0.5842","pioneer_large_tree"
"Apeiba albiflora",3,NA,NA,"0.3342","unknown_large_tree"
"Apeiba tibourbou",6,10,0.666666666666667,"0.5842","pioneer_large_tree"
"Aptandra tubicina",28,12.5,0.392857142857143,"0.4498","early_secondary_large_tree"
"Aralia warmingiana",23,12.5,0.782608695652174,"0.4498","early_secondary_large_tree"
"Arapatiella emarginata",16,NA,NA,"0.3342","unknown_large_tree"
"Arapatiella psilophylla",65,15,0.415384615384615,"0.3047","late_secondary_large_tree"
"Ardisia guianensis",1,8,1,"0.4927","late_secondary_small_tree"
"Artocarpus heterophyllus",10,NA,NA,NA,"NA_NA"
"Aspidosperma desmanthum",7,15,0,"0.3047","late_secondary_large_tree"
"Aspidosperma discolor",19,15,0.368421052631579,"0.3047","late_secondary_large_tree"
"Aspidosperma oblongum",4,NA,NA,NA,"NA_NA"
"Aspidosperma olivaceum",59,15,0.474576271186441,"0.3047","late_secondary_large_tree"
"Aspidosperma parvifolium",5,15,0.6,"0.3047","late_secondary_large_tree"
"Aspidosperma polyneuron",1204,15,0.31312292358804,"0.3047","late_secondary_large_tree"
"Aspidosperma pyricollum",14,20,0.571428571428571,"0.2533","climax_large_tree"
"Aspidosperma ramiflorum",2,15,0,"0.3047","late_secondary_large_tree"
"Aspidosperma spruceanum",20,12.5,0.45,"0.4498","early_secondary_large_tree"
"Aspidosperma thomasii",6,NA,NA,"0.3342","unknown_large_tree"
"Aspidosperma tomentosum",18,12.5,0.611111111111111,"0.4498","early_secondary_large_tree"
"Astrocaryum aculeatissimum",332,15,0.0120481927710843,"0.3047","late_secondary_large_tree"
"Astronium fraxinifolium",1,12.5,1,"0.4498","early_secondary_large_tree"
"Astronium graveolens",406,12.5,0.684729064039409,"0.4498","early_secondary_large_tree"
"Attalea dubia",82,12.5,0.975609756097561,"0.4498","early_secondary_large_tree"
"Attalea funifera",4,12.5,1,"0.4498","early_secondary_large_tree"
"Bactris acanthocarpa",2,5,1,"1","climax_large_shrub"
"Bactris ferruginea",13,7,0.538461538461538,"0.5998","early_secondary_small_tree"
"Bactris setosa",226,8,0.00442477876106195,"0.4927","late_secondary_small_tree"
"Bactris vulgaris",3,5,1,"1","early_secondary_large_shrub"
"Balfourodendron riedelianum",894,12.5,0.259507829977629,"0.4498","early_secondary_large_tree"
"Banisteriopsis nummifera",8,NA,NA,NA,"NA_NA"
"Bastardiopsis densiflora",7,12.5,1,"0.4498","early_secondary_large_tree"
"Bathysa australis",1220,12.5,0.405737704918033,"0.4498","early_secondary_large_tree"
"Bathysa mendoncaei",103,8,0.621359223300971,"0.4927","late_secondary_small_tree"
"Bathysa nicholsonii",1,7,1,"0.5998","early_secondary_small_tree"
"Bauhinia forficata",8,10,0.75,"0.5842","pioneer_large_tree"
"Bauhinia grandifolia",1,NA,NA,NA,"NA_NA"
"Bauhinia longifolia",13,12.5,0.461538461538462,"0.4498","early_secondary_large_tree"
"Bauhinia melastomatoidea",2,NA,NA,NA,"NA_NA"
"Bauhinia ovata",3,NA,NA,"0.5122","unknown_small_tree"
"Bauhinia pinheiroi",2,5,1,"1","unknown_large_shrub"
"Bauhinia ungulata",4,12.5,0.25,"0.4498","early_secondary_large_tree"
"Beilschmiedia emarginata",10,15,0.5,"0.3047","late_secondary_large_tree"
"Beilschmiedia linharensis",3,15,0.333333333333333,"0.3047","late_secondary_large_tree"
"Blepharocalyx eggersii",1,15,1,"0.3047","late_secondary_large_tree"
"Blepharocalyx salicifolius",57,15,0.263157894736842,"0.3047","late_secondary_large_tree"
"Boehmeria caudata",16,6,0.9375,"0.7213","pioneer_small_tree"
"Bonamia maripoides",2,NA,NA,NA,"NA_NA"
"Borismene japurensis",1,NA,NA,NA,"NA_NA"
"Bougainvillea glabra",21,12.5,0.761904761904762,"0.4498","early_secondary_large_tree"
"Bowdichia virgilioides",1,12.5,0,"0.4498","early_secondary_large_tree"
"Brasiliopuntia brasiliensis",10,12.5,0.1,"0.4498","early_secondary_large_tree"
"Bredemeyera laurifolia",4,5,1,"1","unknown_large_shrub"
"Brosimum glaziovii",70,15,0.557142857142857,"0.3047","late_secondary_large_tree"
"Brosimum guianense",54,12.5,0.314814814814815,"0.4498","early_secondary_large_tree"
"Brosimum lactescens",4,20,0.25,"0.2533","climax_large_tree"
"Brosimum rubescens",296,12.5,0.456081081081081,"0.4498","early_secondary_large_tree"
"Brunfelsia clandestina",1,9,0,"0.2868","climax_small_tree"
"Brunfelsia pauciflora",4,9,0.25,"0.2868","climax_small_tree"
"Buchenavia hoehneana",1,NA,NA,"0.3342","unknown_large_tree"
"Buchenavia kleinii",45,20,0.444444444444444,"0.2533","climax_large_tree"
"Buchenavia tetraphylla",7,15,0.428571428571429,"0.3047","late_secondary_large_tree"
"Buchenavia tomentosa",3,NA,NA,NA,"NA_NA"
"Bunchosia maritima",11,9,0.181818181818182,"0.2868","climax_small_tree"
"Byrsonima bahiana",2,NA,NA,"0.5122","unknown_small_tree"
"Byrsonima cacaophila",2,12.5,1,"0.4498","early_secondary_large_tree"
"Byrsonima chrysophylla",1,NA,NA,"0.3342","unknown_large_tree"
"Byrsonima crispa",1,12.5,0,"0.4498","early_secondary_large_tree"
"Byrsonima japurensis",7,15,0,"0.3047","late_secondary_large_tree"
"Byrsonima ligustrifolia",377,12.5,0.392572944297082,"0.4498","early_secondary_large_tree"
"Byrsonima myricifolia",95,12.5,0.4,"0.4498","early_secondary_large_tree"
"Byrsonima sericea",21,10,0.619047619047619,"0.5842","pioneer_large_tree"
"Byrsonima stipulacea",1,15,0,"0.3047","late_secondary_large_tree"
"Cabralea canjerana",460,12.5,0.530434782608696,"0.4498","early_secondary_large_tree"
"Calliandra bella",1,NA,NA,"0.5122","unknown_small_tree"
"Calliandra foliolosa",36,8,0.305555555555556,"0.4927","late_secondary_small_tree"
"Calophyllum brasiliense",455,12.5,0.815384615384615,"0.4498","early_secondary_large_tree"
"Calyptranthes brasiliensis",2,12.5,0.5,"0.4498","early_secondary_large_tree"
"Calyptranthes clusiifolia",54,12.5,0.0555555555555556,"0.4498","early_secondary_large_tree"
"Calyptranthes concinna",333,12.5,0.492492492492492,"0.4498","early_secondary_large_tree"
"Calyptranthes lanceolata",69,9,0,"0.2868","climax_small_tree"
"Calyptranthes lucida",209,15,0.143540669856459,"0.3047","late_secondary_large_tree"
"Calyptranthes obovata",2,20,0.5,"0.2533","climax_large_tree"
"Calyptranthes rufa",2,5,1,"1","early_secondary_large_shrub"
"Calyptranthes strigipes",324,20,0.0895061728395062,"0.2533","climax_large_tree"
"Campomanesia dichotoma",3,10,0.333333333333333,"0.5842","pioneer_large_tree"
"Campomanesia guaviroba",94,15,0.446808510638298,"0.3047","late_secondary_large_tree"
"Campomanesia guazumifolia",25,12.5,0.36,"0.4498","early_secondary_large_tree"
"Campomanesia hirsuta",4,8,1,"0.4927","late_secondary_small_tree"
"Campomanesia laurifolia",1,15,0,"0.3047","late_secondary_large_tree"
"Campomanesia neriiflora",1,8,1,"0.4927","late_secondary_small_tree"
"Campomanesia phaea",5,8,0.8,"0.4927","late_secondary_small_tree"
"Campomanesia reitziana",71,12.5,0.450704225352113,"0.4498","early_secondary_large_tree"
"Campomanesia schlechtendaliana",5,15,0.6,"0.3047","late_secondary_large_tree"
"Campomanesia xanthocarpa",162,15,0.259259259259259,"0.3047","late_secondary_large_tree"
"Capsicum recurvatum",1,5,1,"1","unknown_large_shrub"
"Caraipa densifolia",1,15,0,"0.3047","late_secondary_large_tree"
"Carica papaya",2,NA,NA,NA,"NA_NA"
"Cariniana estrellensis",183,15,0.469945355191257,"0.3047","late_secondary_large_tree"
"Cariniana legalis",12,15,0.583333333333333,"0.3047","late_secondary_large_tree"
"Carpotroche brasiliensis",16,15,0.0625,"0.3047","late_secondary_large_tree"
"Caryocar edule",2,15,1,"0.3047","late_secondary_large_tree"
"Casearia arborea",14,12.5,0.428571428571429,"0.4498","early_secondary_large_tree"
"Casearia bahiensis",3,NA,NA,"0.3342","unknown_large_tree"
"Casearia commersoniana",97,15,0.0515463917525773,"0.3047","late_secondary_large_tree"
"Casearia decandra",277,15,0.234657039711191,"0.3047","late_secondary_large_tree"
"Casearia gossypiosperma",321,12.5,0.105919003115265,"0.4498","early_secondary_large_tree"
"Casearia javitensis",7,12.5,0,"0.4498","early_secondary_large_tree"
"Casearia melliodora",3,NA,NA,"0.5122","unknown_small_tree"
"Casearia obliqua",829,12.5,0.261761158021713,"0.4498","early_secondary_large_tree"
"Casearia oblongifolia",1,15,0,"0.3047","late_secondary_large_tree"
"Casearia sylvestris",624,12.5,0.238782051282051,"0.4498","early_secondary_large_tree"
"Cassia ferruginea",3,12.5,0.333333333333333,"0.4498","early_secondary_large_tree"
"Cathedra bahiensis",1,7,1,"0.5998","early_secondary_small_tree"
"Cathedra rubricaulis",3,5,1,"1","unknown_large_shrub"
"Cavanillesia umbellata",1,15,1,"0.3047","late_secondary_large_tree"
"Cecropia glaziovii",216,10,0.740740740740741,"0.5842","pioneer_large_tree"
"Cecropia hololeuca",6,10,0.833333333333333,"0.5842","pioneer_large_tree"
"Cecropia pachystachya",39,10,0.487179487179487,"0.5842","pioneer_large_tree"
"Cedrela fissilis",170,12.5,0.623529411764706,"0.4498","early_secondary_large_tree"
"Cedrela odorata",8,12.5,0.375,"0.4498","early_secondary_large_tree"
"Ceiba speciosa",97,12.5,0.855670103092783,"0.4498","early_secondary_large_tree"
"Ceiba ventricosa",7,12.5,0.428571428571429,"0.4498","early_secondary_large_tree"
"Celtis iguanaea",9,6,0.777777777777778,"0.7213","pioneer_small_tree"
"Centrolobium microchaete",12,12.5,0.5,"0.4498","early_secondary_large_tree"
"Centrolobium robustum",18,12.5,0.666666666666667,"0.4498","early_secondary_large_tree"
"Centrolobium tomentosum",1063,12.5,0.651928504233302,"0.4498","early_secondary_large_tree"
"Cestrum salzmannii",4,NA,NA,"0.3342","unknown_large_tree"
"Cestrum strigilatum",1,6,0,"0.7213","pioneer_small_tree"
"cf. Endlicheria",2,NA,NA,NA,"NA_NA"
"Chamaecrista bahiae",1,7,1,"0.5998","early_secondary_small_tree"
"Chamaecrista duartei",39,NA,NA,"0.3342","unknown_large_tree"
"Chamaecrista ensiformis",27,12.5,0.0740740740740741,"0.4498","early_secondary_large_tree"
"Cheiloclinium cognatum",23,7,0.521739130434783,"0.5998","early_secondary_small_tree"
"Chionanthus filiformis",239,15,0.225941422594142,"0.3047","late_secondary_large_tree"
"Chionanthus micranthus",3,20,0,"0.2533","climax_large_tree"
"Chomelia brasiliana",6,5,1,"1","climax_large_shrub"
"Chomelia obtusa",1,5,1,"1","early_secondary_large_shrub"
"Chomelia parvifolia",58,5,1,"1","late_secondary_large_shrub"
"Chomelia pedunculosa",12,8,0.916666666666667,"0.4927","late_secondary_small_tree"
"Chomelia pohliana",1,7,0,"0.5998","early_secondary_small_tree"
"Chomelia pubescens",2,8,0.5,"0.4927","late_secondary_small_tree"
"Chondrodendron microphyllum",3,NA,NA,NA,"NA_NA"
"Christiana macrodon",3,9,0,"0.2868","climax_small_tree"
"Chrysophyllum flexuosum",49,7,0.857142857142857,"0.5998","early_secondary_small_tree"
"Chrysophyllum gonocarpum",429,15,0.51981351981352,"0.3047","late_secondary_large_tree"
"Chrysophyllum inornatum",133,15,0.360902255639098,"0.3047","late_secondary_large_tree"
"Chrysophyllum lucentifolium",16,15,0.0625,"0.3047","late_secondary_large_tree"
"Chrysophyllum splendens",19,15,0.210526315789474,"0.3047","late_secondary_large_tree"
"Chrysophyllum subspinosum",8,NA,NA,"0.3342","unknown_large_tree"
"Chrysophyllum viride",163,20,0.595092024539877,"0.2533","climax_large_tree"
"Cinnamodendron dinisii",126,15,0.547619047619048,"0.3047","late_secondary_large_tree"
"Cinnamomum triplinerve",1,15,1,"0.3047","late_secondary_large_tree"
"Cissus stipulata",2,NA,NA,NA,"NA_NA"
"Citharexylum myrianthum",28,10,0.678571428571429,"0.5842","pioneer_large_tree"
"Citronella gongonha",2,8,0.5,"0.4927","late_secondary_small_tree"
"Citronella paniculata",183,15,0.191256830601093,"0.3047","late_secondary_large_tree"
"Clarisia ilicifolia",12,15,0,"0.3047","late_secondary_large_tree"
"Clarisia racemosa",3,15,0.666666666666667,"0.3047","late_secondary_large_tree"
"Clethra scabra",91,10,0.758241758241758,"0.5842","pioneer_large_tree"
"Clusia criuva",109,10,0.770642201834862,"0.5842","pioneer_large_tree"
"Clusia hilariana",1,7,1,"0.5998","early_secondary_small_tree"
"Clusia hoffmannseggiana",1,NA,NA,"0.3342","unknown_large_tree"
"Clusia nemorosa",7,10,0.428571428571429,"0.5842","pioneer_large_tree"
"Clusia panapanari",3,NA,NA,"0.3342","unknown_large_tree"
"Cnidoscolus oligandrus",10,NA,NA,"0.3342","unknown_large_tree"
"Coccoloba alnifolia",5,10,0.6,"0.5842","pioneer_large_tree"
"Coccoloba arborescens",7,6,1,"0.7213","pioneer_small_tree"
"Coccoloba declinata",15,15,0.133333333333333,"0.3047","late_secondary_large_tree"
"Coccoloba fastigiata",25,NA,NA,"0.3342","unknown_large_tree"
"Coccoloba glaziovii",13,7,0.615384615384615,"0.5998","early_secondary_small_tree"
"Coccoloba latifolia",24,6,0.916666666666667,"0.7213","pioneer_small_tree"
"Coccoloba marginata",1,12.5,0,"0.4498","early_secondary_large_tree"
"Coccoloba mosenii",4,NA,NA,"0.5122","unknown_small_tree"
"Coccoloba parimensis",2,5,1,"1","unknown_large_shrub"
"Coccoloba warmingii",28,15,0.214285714285714,"0.3047","late_secondary_large_tree"
"Colicodendron bahianum",1,NA,NA,"0.5122","unknown_small_tree"
"Colubrina glandulosa",72,12.5,0.833333333333333,"0.4498","early_secondary_large_tree"
"Conchocarpus coeruleus",65,7,0.246153846153846,"0.5998","early_secondary_small_tree"
"Copaifera langsdorffii",114,15,0.403508771929825,"0.3047","late_secondary_large_tree"
"Copaifera lucens",13,15,0.230769230769231,"0.3047","late_secondary_large_tree"
"Copaifera trapezifolia",76,20,0.473684210526316,"0.2533","climax_large_tree"
"Cordia alliodora",1,12.5,1,"0.4498","early_secondary_large_tree"
"Cordia americana",75,12.5,0.4,"0.4498","early_secondary_large_tree"
"Cordia ecalyculata",228,12.5,0.535087719298246,"0.4498","early_secondary_large_tree"
"Cordia glabrifolia",3,NA,NA,"0.3342","unknown_large_tree"
"Cordia magnoliifolia",8,7,0.5,"0.5998","early_secondary_small_tree"
"Cordia nodosa",2,7,0.5,"0.5998","early_secondary_small_tree"
"Cordia sellowiana",105,12.5,0.428571428571429,"0.4498","early_secondary_large_tree"
"Cordia silvestris",89,10,0.685393258426966,"0.5842","pioneer_large_tree"
"Cordia superba",28,8,0.928571428571429,"0.4927","late_secondary_small_tree"
"Cordia taguahyensis",3,20,0,"0.2533","climax_large_tree"
"Cordia toqueve",7,NA,NA,"0.3342","unknown_large_tree"
"Cordia trachyphylla",8,NA,NA,"0.3342","unknown_large_tree"
"Cordia trichoclada",1,12.5,0,"0.4498","early_secondary_large_tree"
"Cordia trichotoma",83,10,0.819277108433735,"0.5842","pioneer_large_tree"
"Cordiera concolor",55,20,0.0181818181818182,"0.2533","climax_large_tree"
"Cordiera elliptica",3,8,0.666666666666667,"0.4927","late_secondary_small_tree"
"Cordiera macrophylla",6,8,0.666666666666667,"0.4927","late_secondary_small_tree"
"Cordiera myrciifolia",261,8,0.386973180076628,"0.4927","late_secondary_small_tree"
"Couepia belemii",27,NA,NA,"0.3342","unknown_large_tree"
"Couepia bondarii",4,NA,NA,"0.3342","unknown_large_tree"
"Couepia impressa",6,NA,NA,"0.3342","unknown_large_tree"
"Couepia longipendula",1,NA,NA,NA,"NA_NA"
"Couepia monteclarensis",2,8,0.5,"0.4927","late_secondary_small_tree"
"Couepia ovalifolia",3,NA,NA,"0.5122","unknown_small_tree"
"Couepia pernambucensis",1,NA,NA,"0.3342","unknown_large_tree"
"Couepia rufa",1,15,0,"0.3047","late_secondary_large_tree"
"Couepia venosa",8,NA,NA,"0.5122","unknown_small_tree"
"Coussapoa curranii",3,12.5,0.666666666666667,"0.4498","early_secondary_large_tree"
"Coussapoa microcarpa",197,12.5,0.558375634517767,"0.4498","early_secondary_large_tree"
"Coussapoa pachyphylla",9,NA,NA,"0.3342","unknown_large_tree"
"Coussarea accedens",67,8,0.537313432835821,"0.4927","late_secondary_small_tree"
"Coussarea contracta",425,15,0.0564705882352941,"0.3047","late_secondary_large_tree"
"Coussarea graciliflora",5,5,1,"1","unknown_large_shrub"
"Coussarea ilheotica",22,NA,NA,"0.3342","unknown_large_tree"
"Coussarea meridionalis",35,8,0.542857142857143,"0.4927","late_secondary_small_tree"
"Coutarea hexandra",14,12.5,0.357142857142857,"0.4498","early_secondary_large_tree"
"Critoniopsis quinqueflora",4,6,1,"0.7213","pioneer_small_tree"
"Croton floribundus",860,10,0.680232558139535,"0.5842","pioneer_large_tree"
"Croton macrobothrys",52,10,0.692307692307692,"0.5842","pioneer_large_tree"
"Croton piptocalyx",6,10,0.666666666666667,"0.5842","pioneer_large_tree"
"Croton sphaerogynus",2,5,1,"1","unknown_large_shrub"
"Croton thomasii",23,NA,NA,"0.3342","unknown_large_tree"
"Cryptocarya aschersoniana",19,15,0.315789473684211,"0.3047","late_secondary_large_tree"
"Cryptocarya mandioccana",225,15,0.426666666666667,"0.3047","late_secondary_large_tree"
"Cryptocarya moschata",79,15,0.620253164556962,"0.3047","late_secondary_large_tree"
"Cryptocarya saligna",7,15,0.857142857142857,"0.3047","late_secondary_large_tree"
"Cupania bracteosa",1,NA,NA,"0.5122","unknown_small_tree"
"Cupania emarginata",23,7,0.91304347826087,"0.5998","early_secondary_small_tree"
"Cupania furfuracea",3,NA,NA,"0.3342","unknown_large_tree"
"Cupania oblongifolia",662,12.5,0.36404833836858,"0.4498","early_secondary_large_tree"
"Cupania racemosa",7,12.5,0.142857142857143,"0.4498","early_secondary_large_tree"
"Cupania rugosa",13,15,0.538461538461538,"0.3047","late_secondary_large_tree"
"Cupania tenuivalvis",13,7,0.153846153846154,"0.5998","early_secondary_small_tree"
"Cupania vernalis",197,12.5,0.197969543147208,"0.4498","early_secondary_large_tree"
"Curarea crassa",1,NA,NA,NA,"NA_NA"
"Cyathea atrovirens",144,7,0.972222222222222,"0.5998","early_secondary_small_tree"
"Cyathea corcovadensis",129,15,0.0155038759689922,"0.3047","late_secondary_large_tree"
"Cyathea delgadii",19,9,0.473684210526316,"0.2868","climax_small_tree"
"Cyathea glaziovii",4,5,1,"1","climax_large_shrub"
"Cyathea hirsuta",1,9,0,"0.2868","climax_small_tree"
"Cyathea leucofolis",36,5,1,"1","climax_large_shrub"
"Cyathea microdonta",27,8,0.925925925925926,"0.4927","late_secondary_small_tree"
"Cyathea phalerata",273,15,0.043956043956044,"0.3047","late_secondary_large_tree"
"Cyathea praecincta",4,5,1,"1","unknown_large_shrub"
"Cybianthus amplus",1,NA,NA,"0.5122","unknown_small_tree"
"Cybianthus coronatus",9,NA,NA,NA,"NA_NA"
"Cybianthus cuneifolius",1,8,0,"0.4927","late_secondary_small_tree"
"Cybianthus densiflorus",1,NA,NA,"0.5122","unknown_small_tree"
"Cybianthus peruvianus",29,8,0.172413793103448,"0.4927","late_secondary_small_tree"
"Cybistax antisyphilitica",4,12.5,0.25,"0.4498","early_secondary_large_tree"
"Dahlstedtia pentaphylla",10,7,0.3,"0.5998","early_secondary_small_tree"
"Dahlstedtia pinnata",127,7,0.456692913385827,"0.5998","early_secondary_small_tree"
"Dalbergia brasiliensis",12,12.5,0.5,"0.4498","early_secondary_large_tree"
"Dalbergia ecastaphyllum",1,5,1,"1","pioneer_large_shrub"
"Dalbergia foliolosa",1,15,1,"0.3047","late_secondary_large_tree"
"Dalbergia frutescens",13,12.5,0.384615384615385,"0.4498","early_secondary_large_tree"
"Daphnopsis coriacea",1,NA,NA,"0.5122","unknown_small_tree"
"Daphnopsis fasciculata",4,8,0.5,"0.4927","late_secondary_small_tree"
"Daphnopsis gemmiflora",10,NA,NA,NA,"NA_NA"
"Daphnopsis racemosa",9,7,0.777777777777778,"0.5998","early_secondary_small_tree"
"Davilla macrocarpa",2,NA,NA,NA,"NA_NA"
"Davilla nitida",1,5,1,"1","unknown_large_shrub"
"Davilla rugosa",1,NA,NA,NA,"NA_NA"
"Dendropanax bahiensis",1,5,1,"1","unknown_large_shrub"
"Dendropanax brasiliensis",3,NA,NA,"0.5122","unknown_small_tree"
"Dendropanax cuneatus",21,12.5,0.142857142857143,"0.4498","early_secondary_large_tree"
"Dendropanax monogynus",8,8,0.125,"0.4927","late_secondary_small_tree"
"Dialium guianense",6,15,0.5,"0.3047","late_secondary_large_tree"
"Diatenopteryx sorbifolia",248,12.5,0.258064516129032,"0.4498","early_secondary_large_tree"
"Dictyoloma vandellianum",1,12.5,1,"0.4498","early_secondary_large_tree"
"Dilodendron bipinnatum",2,12.5,0.5,"0.4498","early_secondary_large_tree"
"Dimorphandra jorgei",3,12.5,0.333333333333333,"0.4498","early_secondary_large_tree"
"Diospyros apeibacarpos",3,8,0.333333333333333,"0.4927","late_secondary_small_tree"
"Diospyros artanthifolia",1,NA,NA,"0.5122","unknown_small_tree"
"Diospyros brasiliensis",496,8,0.75,"0.4927","late_secondary_small_tree"
"Diospyros bullata",1,NA,NA,NA,"NA_NA"
"Diospyros ebenaster",2,NA,NA,NA,"NA_NA"
"Diospyros guatterioides",1,NA,NA,"0.3342","unknown_large_tree"
"Diospyros inconstans",1,12.5,0,"0.4498","early_secondary_large_tree"
"Diploon cuspidatum",171,15,0.315789473684211,"0.3047","late_secondary_large_tree"
"Diplopterys patula",3,NA,NA,NA,"NA_NA"
"Diplotropis incexis",5,12.5,0.8,"0.4498","early_secondary_large_tree"
"Diplotropis purpurea",6,12.5,1,"0.4498","early_secondary_large_tree"
"Discocarpus essequeboensis",26,20,0.192307692307692,"0.2533","climax_large_tree"
"Discocarpus pedicellatus",90,NA,NA,"0.3342","unknown_large_tree"
"Discophora guianensis",27,15,0,"0.3047","late_secondary_large_tree"
"Dolichandra unguiculata",2,NA,NA,NA,"NA_NA"
"Drimys brasiliensis",42,15,0.0952380952380952,"0.3047","late_secondary_large_tree"
"Drypetes sessiliflora",37,12.5,0.486486486486487,"0.4498","early_secondary_large_tree"
"Duguetia bahiensis",8,15,0.125,"0.3047","late_secondary_large_tree"
"Duguetia lanceolata",66,15,0.46969696969697,"0.3047","late_secondary_large_tree"
"Duguetia reticulata",2,NA,NA,"0.3342","unknown_large_tree"
"Ecclinusa ramiflora",291,15,0.34020618556701,"0.3047","late_secondary_large_tree"
"Elvasia tricarpellata",44,NA,NA,"0.3342","unknown_large_tree"
"Emmotum affine",1,12.5,1,"0.4498","early_secondary_large_tree"
"Emmotum nitens",5,12.5,0.2,"0.4498","early_secondary_large_tree"
"Endlicheria paniculata",254,15,0.0905511811023622,"0.3047","late_secondary_large_tree"
"Enterolobium contortisiliquum",31,12.5,0.67741935483871,"0.4498","early_secondary_large_tree"
"Ephedranthus parviflorus",4,NA,NA,"0.3342","unknown_large_tree"
"Eremanthus erythropappus",1,6,1,"0.7213","pioneer_small_tree"
"Eriotheca globosa",36,12.5,0.388888888888889,"0.4498","early_secondary_large_tree"
"Eriotheca macrophylla",194,12.5,0.417525773195876,"0.4498","early_secondary_large_tree"
"Eriotheca pentaphylla",58,12.5,0.482758620689655,"0.4498","early_secondary_large_tree"
"Erythroxylum affine",1,5,1,"1","unknown_large_shrub"
"Erythroxylum andrei",1,NA,NA,"0.3342","unknown_large_tree"
"Erythroxylum argentinum",2,7,0,"0.5998","early_secondary_small_tree"
"Erythroxylum citrifolium",5,7,0,"0.5998","early_secondary_small_tree"
"Erythroxylum cuspidifolium",5,8,0.4,"0.4927","late_secondary_small_tree"
"Erythroxylum hamigerum",3,NA,NA,"0.5122","unknown_small_tree"
"Erythroxylum petrae-caballi",1,NA,NA,"0.5122","unknown_small_tree"
"Erythroxylum squamatum",3,7,0.333333333333333,"0.5998","early_secondary_small_tree"
"Erythroxylum umbu",61,7,0.655737704918033,"0.5998","early_secondary_small_tree"
"Eschweilera alvimii",12,15,0.416666666666667,"0.3047","late_secondary_large_tree"
"Eschweilera mattos-silvae",6,15,0.166666666666667,"0.3047","late_secondary_large_tree"
"Eschweilera ovata",153,12.5,0.470588235294118,"0.4498","early_secondary_large_tree"
"Esenbeckia grandiflora",186,8,0.467741935483871,"0.4927","late_secondary_small_tree"
"Esenbeckia leiocarpa",233,15,0.36480686695279,"0.3047","late_secondary_large_tree"
"Eugenia astringens",91,8,0.637362637362637,"0.4927","late_secondary_small_tree"
"Eugenia ayacuchae",5,NA,NA,"0.3342","unknown_large_tree"
"Eugenia bahiensis",11,9,0.545454545454545,"0.2868","climax_small_tree"
"Eugenia batingabranca",5,7,0.6,"0.5998","early_secondary_small_tree"
"Eugenia beaurepairiana",80,15,0.1875,"0.3047","late_secondary_large_tree"
"Eugenia brasiliensis",9,15,0.111111111111111,"0.3047","late_secondary_large_tree"
"Eugenia brevistyla",259,20,0.189189189189189,"0.2533","climax_large_tree"
"Eugenia brunneopubescens",1,NA,NA,"0.5122","unknown_small_tree"
"Eugenia bunchosiifolia",18,7,0.277777777777778,"0.5998","early_secondary_small_tree"
"Eugenia burkartiana",40,15,0.2,"0.3047","late_secondary_large_tree"
"Eugenia candolleana",18,7,0.777777777777778,"0.5998","early_secondary_small_tree"
"Eugenia capitulifera",119,9,0.46218487394958,"0.2868","climax_small_tree"
"Eugenia cerasiflora",109,15,0.192660550458716,"0.3047","late_secondary_large_tree"
"Eugenia cereja",128,20,0.078125,"0.2533","climax_large_tree"
"Eugenia copacabanensis",7,12.5,1,"0.4498","early_secondary_large_tree"
"Eugenia excelsa",11,15,0.0909090909090909,"0.3047","late_secondary_large_tree"
"Eugenia expansa",318,8,0.235849056603774,"0.4927","late_secondary_small_tree"
"Eugenia flamingensis",34,NA,NA,"0.3342","unknown_large_tree"
"Eugenia florida",65,12.5,0.107692307692308,"0.4498","early_secondary_large_tree"
"Eugenia fusca",3,NA,NA,"0.3342","unknown_large_tree"
"Eugenia handroana",298,15,0.0771812080536913,"0.3047","late_secondary_large_tree"
"Eugenia ilhensis",2,5,1,"1","unknown_large_shrub"
"Eugenia involucrata",59,15,0.0677966101694915,"0.3047","late_secondary_large_tree"
"Eugenia itacarensis",10,NA,NA,"0.3342","unknown_large_tree"
"Eugenia itapemirimensis",36,15,0.111111111111111,"0.3047","late_secondary_large_tree"
"Eugenia joenssonii",10,NA,NA,"0.5122","unknown_small_tree"
"Eugenia ligustrina",1,8,1,"0.4927","late_secondary_small_tree"
"Eugenia longifolia",40,NA,NA,"0.3342","unknown_large_tree"
"Eugenia longipedunculata",58,8,0.586206896551724,"0.4927","late_secondary_small_tree"
"Eugenia magnibracteolata",22,15,0.181818181818182,"0.3047","late_secondary_large_tree"
"Eugenia magnifica",34,NA,NA,"0.5122","unknown_small_tree"
"Eugenia malacantha",1,9,0,"0.2868","climax_small_tree"
"Eugenia mandioccensis",5,NA,NA,"0.5122","unknown_small_tree"
"Eugenia melanogyna",349,15,0.240687679083095,"0.3047","late_secondary_large_tree"
"Eugenia monosperma",142,9,0.47887323943662,"0.2868","climax_small_tree"
"Eugenia mosenii",296,8,0.662162162162162,"0.4927","late_secondary_small_tree"
"Eugenia multicostata",52,20,0.211538461538462,"0.2533","climax_large_tree"
"Eugenia neoglomerata",286,15,0.0804195804195804,"0.3047","late_secondary_large_tree"
"Eugenia neoverrucosa",43,8,0.581395348837209,"0.4927","late_secondary_small_tree"
"Eugenia oblongata",129,8,0.573643410852713,"0.4927","late_secondary_small_tree"
"Eugenia pisiformis",4,15,0.25,"0.3047","late_secondary_large_tree"
"Eugenia platyphylla",14,20,0,"0.2533","climax_large_tree"
"Eugenia platysema",49,8,0.591836734693878,"0.4927","late_secondary_small_tree"
"Eugenia plicata",2,NA,NA,"0.5122","unknown_small_tree"
"Eugenia prasina",499,8,0.344689378757515,"0.4927","late_secondary_small_tree"
"Eugenia pruinosa",85,20,0.188235294117647,"0.2533","climax_large_tree"
"Eugenia pruniformis",3,9,0.333333333333333,"0.2868","climax_small_tree"
"Eugenia puberula",9,NA,NA,"0.5122","unknown_small_tree"
"Eugenia punicifolia",1,5,1,"1","early_secondary_large_shrub"
"Eugenia ramboi",196,15,0.0663265306122449,"0.3047","late_secondary_large_tree"
"Eugenia schottiana",21,NA,NA,"0.3342","unknown_large_tree"
"Eugenia splendens",1,NA,NA,"0.5122","unknown_small_tree"
"Eugenia stigmatosa",56,12.5,0.125,"0.4498","early_secondary_large_tree"
"Eugenia subavenia",433,20,0.023094688221709,"0.2533","climax_large_tree"
"Eugenia subterminalis",24,15,0.0833333333333333,"0.3047","late_secondary_large_tree"
"Eugenia sulcata",201,15,0.258706467661692,"0.3047","late_secondary_large_tree"
"Eugenia supraaxillaris",119,15,0.34453781512605,"0.3047","late_secondary_large_tree"
"Eugenia umbellata",1,15,1,"0.3047","late_secondary_large_tree"
"Eugenia uniflora",2,7,1,"0.5998","early_secondary_small_tree"
"Eugenia vattimoana",2,NA,NA,"0.3342","unknown_large_tree"
"Eugenia verticillata",208,8,0.456730769230769,"0.4927","late_secondary_small_tree"
"Eugenia xiriricana",96,15,0.0833333333333333,"0.3047","late_secondary_large_tree"
"Eugenia zuccarinii",114,NA,NA,"0.3342","unknown_large_tree"
"Eumachia cephalantha",1,9,0,"0.2868","climax_small_tree"
"Euterpe edulis",8977,15,0.42,"0.3047","late_secondary_large_tree"
"Exostyles venusta",14,15,0.214285714285714,"0.3047","late_secondary_large_tree"
"Faramea atlantica",5,9,0.8,"0.2868","climax_small_tree"
"Faramea bahiensis",3,NA,NA,"0.5122","unknown_small_tree"
"Faramea corymbosa",2,NA,NA,NA,"NA_NA"
"Faramea martiana",8,8,0,"0.4927","late_secondary_small_tree"
"Faramea monantha",1,5,1,"1","unknown_large_shrub"
"Faramea montevidensis",24,8,0.625,"0.4927","late_secondary_small_tree"
"Faramea nocturna",4,NA,NA,"0.5122","unknown_small_tree"
"Faramea oligantha",2,9,0,"0.2868","climax_small_tree"
"Faramea pachyantha",1,20,1,"0.2533","climax_large_tree"
"Faramea picinguabae",6,5,1,"1","unknown_large_shrub"
"Ferdinandusa edmundoi",5,NA,NA,"0.3342","unknown_large_tree"
"Fevillea brasiliensis",1,NA,NA,NA,"NA_NA"
"Ficus adhatodifolia",47,10,0.702127659574468,"0.5842","pioneer_large_tree"
"Ficus broadwayi",2,NA,NA,"0.3342","unknown_large_tree"
"Ficus clusiifolia",1,12.5,1,"0.4498","early_secondary_large_tree"
"Ficus enormis",2,15,1,"0.3047","late_secondary_large_tree"
"Ficus eximia",9,12.5,0.333333333333333,"0.4498","early_secondary_large_tree"
"Ficus gomelleira",12,12.5,0.666666666666667,"0.4498","early_secondary_large_tree"
"Ficus guaranitica",13,12.5,0.230769230769231,"0.4498","early_secondary_large_tree"
"Ficus hirsuta",6,12.5,0.833333333333333,"0.4498","early_secondary_large_tree"
"Ficus luschnathiana",11,12.5,0.545454545454545,"0.4498","early_secondary_large_tree"
"Ficus mexiae",1,12.5,1,"0.4498","early_secondary_large_tree"
"Ficus nymphaeifolia",2,15,0,"0.3047","late_secondary_large_tree"
"Ficus obtusifolia",1,12.5,0,"0.4498","early_secondary_large_tree"
"Ficus pulchella",4,15,0,"0.3047","late_secondary_large_tree"
"Ficus tomentella",2,NA,NA,"0.5122","unknown_small_tree"
"Ficus trigona",1,12.5,0,"0.4498","early_secondary_large_tree"
"Forsteronia montana",3,NA,NA,NA,"NA_NA"
"Gallesia integrifolia",142,12.5,0.788732394366197,"0.4498","early_secondary_large_tree"
"Garcinia brasiliensis",175,8,0.434285714285714,"0.4927","late_secondary_small_tree"
"Garcinia gardneriana",661,15,0.0665658093797277,"0.3047","late_secondary_large_tree"
"Garcinia macrophylla",20,NA,NA,"0.3342","unknown_large_tree"
"Geissanthus ambiguus",1,8,1,"0.4927","late_secondary_small_tree"
"Geonoma gamiova",3,9,0.666666666666667,"0.2868","climax_small_tree"
"Geonoma schottiana",176,5,1,"1","late_secondary_large_shrub"
"Glycydendron amazonicum",10,NA,NA,NA,"NA_NA"
"Goniorrhachis marginata",3,12.5,0.666666666666667,"0.4498","early_secondary_large_tree"
"Graffenrieda intermedia",1,NA,NA,"0.5122","unknown_small_tree"
"Guapira areolata",1,15,0,"0.3047","late_secondary_large_tree"
"Guapira graciliflora",1,7,1,"0.5998","early_secondary_small_tree"
"Guapira hirsuta",76,7,0.631578947368421,"0.5998","early_secondary_small_tree"
"Guapira nitida",16,12.5,0.5625,"0.4498","early_secondary_large_tree"
"Guapira obtusata",37,20,0.405405405405405,"0.2533","climax_large_tree"
"Guapira opposita",1546,12.5,0.232858990944373,"0.4498","early_secondary_large_tree"
"Guapira venosa",16,12.5,0.3125,"0.4498","early_secondary_large_tree"
"Guarea blanchetii",11,NA,NA,"0.3342","unknown_large_tree"
"Guarea guidonia",14,15,0.0714285714285714,"0.3047","late_secondary_large_tree"
"Guarea kunthiana",48,15,0.0625,"0.3047","late_secondary_large_tree"
"Guarea macrophylla",335,15,0.0597014925373134,"0.3047","late_secondary_large_tree"
"Guatteria australis",291,12.5,0.192439862542955,"0.4498","early_secondary_large_tree"
"Guatteria candolleana",1,5,1,"1","unknown_large_shrub"
"Guatteria oligocarpa",2,NA,NA,"0.3342","unknown_large_tree"
"Guatteria pogonopus",5,12.5,0.4,"0.4498","early_secondary_large_tree"
"Guettarda viburnoides",1,7,1,"0.5998","early_secondary_small_tree"
"Gymnanthes gaudichaudii",3,5,1,"1","unknown_large_shrub"
"Gymnanthes hypoleuca",12,NA,NA,"0.3342","unknown_large_tree"
"Gymnanthes serrata",1,7,1,"0.5998","early_secondary_small_tree"
"Hamelia patens",1,5,1,"1","early_secondary_large_shrub"
"Handroanthus albus",30,12.5,0.1,"0.4498","early_secondary_large_tree"
"Handroanthus heptaphyllus",50,12.5,0.32,"0.4498","early_secondary_large_tree"
"Handroanthus serratifolius",159,15,0.314465408805031,"0.3047","late_secondary_large_tree"
"Handroanthus umbellatus",3,12.5,0.333333333333333,"0.4498","early_secondary_large_tree"
"Harleyodendron unifoliolatum",25,15,0.04,"0.3047","late_secondary_large_tree"
"Hedyosmum brasiliense",16,7,0.625,"0.5998","early_secondary_small_tree"
"Heisteria blanchetiana",5,NA,NA,"0.5122","unknown_small_tree"
"Heisteria perianthomega",23,15,0.304347826086957,"0.3047","late_secondary_large_tree"
"Heisteria silvianii",371,15,0.350404312668464,"0.3047","late_secondary_large_tree"
"Helicostylis pedunculata",13,NA,NA,"0.3342","unknown_large_tree"
"Helicostylis tomentosa",144,12.5,0.451388888888889,"0.4498","early_secondary_large_tree"
"Helietta apiculata",2,12.5,0.5,"0.4498","early_secondary_large_tree"
"Heliocarpus popayanensis",14,6,0.857142857142857,"0.7213","pioneer_small_tree"
"Henriettea glabra",23,15,0.434782608695652,"0.3047","late_secondary_large_tree"
"Henriettea saldanhae",9,NA,NA,"0.5122","unknown_small_tree"
"Henriettea succosa",12,15,0.0833333333333333,"0.3047","late_secondary_large_tree"
"Heteropterys anomala",1,NA,NA,NA,"NA_NA"
"Heteropterys coleoptera",1,NA,NA,NA,"NA_NA"
"Heteropterys intermedia",1,NA,NA,NA,"NA_NA"
"Heteropterys nordestina",1,NA,NA,NA,"NA_NA"
"Heteropterys pauciflora",2,NA,NA,NA,"NA_NA"
"Hevea brasiliensis",4,NA,NA,"0.3342","unknown_large_tree"
"Himatanthus bracteatus",28,15,0.357142857142857,"0.3047","late_secondary_large_tree"
"Himatanthus phagedaenicus",32,12.5,0.3125,"0.4498","early_secondary_large_tree"
"Hippocratea volubilis",2,NA,NA,NA,"NA_NA"
"Hirtella angustifolia",23,5,1,"1","late_secondary_large_shrub"
"Hirtella bahiensis",8,NA,NA,"0.3342","unknown_large_tree"
"Hirtella bicornis",1,NA,NA,"0.3342","unknown_large_tree"
"Hirtella glandulosa",1,12.5,1,"0.4498","early_secondary_large_tree"
"Hirtella gracilipes",4,7,0.5,"0.5998","early_secondary_small_tree"
"Hirtella hebeclada",253,15,0.383399209486166,"0.3047","late_secondary_large_tree"
"Hirtella santosii",10,NA,NA,"0.5122","unknown_small_tree"
"Hirtella triandra",5,NA,NA,"0.3342","unknown_large_tree"
"Holocalyx balansae",270,15,0.177777777777778,"0.3047","late_secondary_large_tree"
"Homalolepis cedron",7,NA,NA,"0.3342","unknown_large_tree"
"Homalolepis floribunda",1,NA,NA,"0.5122","unknown_small_tree"
"Hornschuchia cauliflora",1,5,1,"1","unknown_large_shrub"
"Hornschuchia obliqua",2,NA,NA,"0.5122","unknown_small_tree"
"Hortia brasiliana",2,12.5,1,"0.4498","early_secondary_large_tree"
"Huberia ovalifolia",1,7,0,"0.5998","early_secondary_small_tree"
"Humiriastrum dentatum",43,15,0.325581395348837,"0.3047","late_secondary_large_tree"
"Hydrogaster trinervis",18,12.5,0.555555555555556,"0.4498","early_secondary_large_tree"
"Hyeronima alchorneoides",944,12.5,0.685381355932203,"0.4498","early_secondary_large_tree"
"Hyeronima oblonga",27,NA,NA,"0.3342","unknown_large_tree"
"Hymenaea courbaril",33,15,0.666666666666667,"0.3047","late_secondary_large_tree"
"Hymenaea oblongifolia",4,NA,NA,"0.3342","unknown_large_tree"
"Hymenaea rubriflora",5,9,0.6,"0.2868","climax_small_tree"
"Hymenolobium janeirense",21,15,0.285714285714286,"0.3047","late_secondary_large_tree"
"Ilex dumosa",125,12.5,0.248,"0.4498","early_secondary_large_tree"
"Ilex integerrima",21,NA,NA,"0.3342","unknown_large_tree"
"Ilex paraguariensis",37,15,0.459459459459459,"0.3047","late_secondary_large_tree"
"Ilex psammophila",1,NA,NA,"0.3342","unknown_large_tree"
"Ilex pseudobuxus",85,15,0.270588235294118,"0.3047","late_secondary_large_tree"
"Ilex taubertiana",23,15,0.391304347826087,"0.3047","late_secondary_large_tree"
"Ilex theezans",229,10,0.755458515283843,"0.5842","pioneer_large_tree"
"Indet spp.",1,NA,NA,NA,"NA_NA"
"Inga aptera",6,NA,NA,"0.5122","unknown_small_tree"
"Inga blanchetiana",2,12.5,0,"0.4498","early_secondary_large_tree"
"Inga capitata",43,12.5,0.302325581395349,"0.4498","early_secondary_large_tree"
"Inga cylindrica",6,12.5,0.666666666666667,"0.4498","early_secondary_large_tree"
"Inga edulis",100,12.5,0.55,"0.4498","early_secondary_large_tree"
"Inga flagelliformis",2,15,0.5,"0.3047","late_secondary_large_tree"
"Inga grazielae",2,NA,NA,"0.5122","unknown_small_tree"
"Inga laurina",28,12.5,0.392857142857143,"0.4498","early_secondary_large_tree"
"Inga lenticellata",61,12.5,0.229508196721311,"0.4498","early_secondary_large_tree"
"Inga marginata",142,12.5,0.0704225352112676,"0.4498","early_secondary_large_tree"
"Inga mendoncaei",3,NA,NA,"0.3342","unknown_large_tree"
"Inga pedunculata",5,NA,NA,"0.3342","unknown_large_tree"
"Inga praegnans",10,8,0.3,"0.4927","late_secondary_small_tree"
"Inga sellowiana",66,12.5,0.393939393939394,"0.4498","early_secondary_large_tree"
"Inga sessilis",86,12.5,0.290697674418605,"0.4498","early_secondary_large_tree"
"Inga striata",239,12.5,0.644351464435146,"0.4498","early_secondary_large_tree"
"Inga subnuda",10,12.5,0,"0.4498","early_secondary_large_tree"
"Inga tenuis",9,NA,NA,"0.5122","unknown_small_tree"
"Inga thibaudiana",6,12.5,0.166666666666667,"0.4498","early_secondary_large_tree"
"Inga vera",8,12.5,0.75,"0.4498","early_secondary_large_tree"
"Ixora brevifolia",1,15,0,"0.3047","late_secondary_large_tree"
"Ixora burchelliana",65,7,0.784615384615385,"0.5998","early_secondary_small_tree"
"Ixora gardneriana",17,15,0.0588235294117647,"0.3047","late_secondary_large_tree"
"Ixora muelleri",1,9,1,"0.2868","climax_small_tree"
"Ixora venulosa",35,8,0.314285714285714,"0.4927","late_secondary_small_tree"
"Jacaranda macrantha",7,12.5,0.142857142857143,"0.4498","early_secondary_large_tree"
"Jacaranda micrantha",65,12.5,0.538461538461538,"0.4498","early_secondary_large_tree"
"Jacaranda puberula",271,12.5,0.324723247232472,"0.4498","early_secondary_large_tree"
"Jacaratia heptaphylla",21,12.5,0.380952380952381,"0.4498","early_secondary_large_tree"
"Jacaratia spinosa",69,12.5,0.695652173913043,"0.4498","early_secondary_large_tree"
"Kielmeyera albopunctata",5,7,0.8,"0.5998","early_secondary_small_tree"
"Kielmeyera itacarensis",4,NA,NA,"0.5122","unknown_small_tree"
"Kielmeyera membranacea",6,NA,NA,"0.5122","unknown_small_tree"
"Kielmeyera neglecta",7,12.5,0.142857142857143,"0.4498","early_secondary_large_tree"
"Kielmeyera rugosa",2,NA,NA,"0.5122","unknown_small_tree"
"Lacistema aggregatum",1,7,1,"0.5998","early_secondary_small_tree"
"Lacistema hasslerianum",2,7,1,"0.5998","early_secondary_small_tree"
"Lacistema lucidum",3,12.5,0.333333333333333,"0.4498","early_secondary_large_tree"
"Lacistema robustum",28,12.5,0.142857142857143,"0.4498","early_secondary_large_tree"
"Lacmellea aculeata",10,NA,NA,"0.3342","unknown_large_tree"
"Lacmellea bahiensis",9,NA,NA,"0.3342","unknown_large_tree"
"Lacmellea pauciflora",1,9,1,"0.2868","climax_small_tree"
"Ladenbergia hexandra",3,20,0.333333333333333,"0.2533","climax_large_tree"
"Lamanonia ternata",47,12.5,0.574468085106383,"0.4498","early_secondary_large_tree"
"Laplacea fruticosa",25,12.5,0.76,"0.4498","early_secondary_large_tree"
"Leandra clidemioides",1,NA,NA,"0.5122","unknown_small_tree"
"Leandra melastomoides",1,7,0,"0.5998","early_secondary_small_tree"
"Leandra variabilis",1,7,1,"0.5998","early_secondary_small_tree"
"Lecythis lanceolata",8,12.5,0.375,"0.4498","early_secondary_large_tree"
"Lecythis lurida",40,15,0.475,"0.3047","late_secondary_large_tree"
"Lecythis pisonis",35,15,0.371428571428571,"0.3047","late_secondary_large_tree"
"Lecythis schwackei",4,NA,NA,"0.3342","unknown_large_tree"
"Licania belemii",21,12.5,0.571428571428571,"0.4498","early_secondary_large_tree"
"Licania canescens",2,NA,NA,"0.3342","unknown_large_tree"
"Licania discolor",2,15,1,"0.3047","late_secondary_large_tree"
"Licania hoehnei",4,15,0.5,"0.3047","late_secondary_large_tree"
"Licania hypoleuca",5,NA,NA,"0.3342","unknown_large_tree"
"Licania kunthiana",2,15,0.5,"0.3047","late_secondary_large_tree"
"Licania lamentanda",5,NA,NA,"0.3342","unknown_large_tree"
"Licania littoralis",55,12.5,0.309090909090909,"0.4498","early_secondary_large_tree"
"Licania micrantha",9,NA,NA,"0.3342","unknown_large_tree"
"Licania naviculistipula",21,NA,NA,"0.3342","unknown_large_tree"
"Licania octandra",2,15,0.5,"0.3047","late_secondary_large_tree"
"Licaria armeniaca",31,15,0.0967741935483871,"0.3047","late_secondary_large_tree"
"Licaria bahiana",24,15,0,"0.3047","late_secondary_large_tree"
"Lonchocarpus cultratus",156,12.5,0.666666666666667,"0.4498","early_secondary_large_tree"
"Luehea cymulosa",5,NA,NA,"0.3342","unknown_large_tree"
"Luehea divaricata",5,12.5,0.8,"0.4498","early_secondary_large_tree"
"Luehea grandiflora",1,10,1,"0.5842","pioneer_large_tree"
"Luetzelburgia guaissara",9,12.5,0.222222222222222,"0.4498","early_secondary_large_tree"
"Lundia cordata",2,NA,NA,NA,"NA_NA"
"Mabea fistulifera",1,10,1,"0.5842","pioneer_large_tree"
"Mabea occidentalis",11,NA,NA,NA,"NA_NA"
"Mabea piriri",60,10,0.183333333333333,"0.5842","pioneer_large_tree"
"Machaerium aculeatum",16,NA,NA,NA,"NA_NA"
"Machaerium brasiliense",18,12.5,0.333333333333333,"0.4498","early_secondary_large_tree"
"Machaerium condensatum",6,NA,NA,"0.5122","unknown_small_tree"
"Machaerium hirtum",6,10,0.5,"0.5842","pioneer_large_tree"
"Machaerium nyctitans",66,12.5,0.424242424242424,"0.4498","early_secondary_large_tree"
"Machaerium salzmannii",5,NA,NA,"0.5122","unknown_small_tree"
"Machaerium stipitatum",564,12.5,0.469858156028369,"0.4498","early_secondary_large_tree"
"Maclura tinctoria",21,12.5,0.619047619047619,"0.4498","early_secondary_large_tree"
"Macoubea guianensis",9,12.5,0.222222222222222,"0.4498","early_secondary_large_tree"
"Macrolobium latifolium",91,15,0.340659340659341,"0.3047","late_secondary_large_tree"
"Macrolobium rigidum",5,NA,NA,"0.3342","unknown_large_tree"
"Macrothumia kuhlmannii",7,20,0,"0.2533","climax_large_tree"
"Magnolia ovata",79,15,0.40506329113924,"0.3047","late_secondary_large_tree"
"Malanea macrophylla",1,NA,NA,NA,"NA_NA"
"Malanea martiana",2,NA,NA,NA,"NA_NA"
"Malouetia cestroides",56,15,0.357142857142857,"0.3047","late_secondary_large_tree"
"Manihot grahamii",14,6,1,"0.7213","pioneer_small_tree"
"Manilkara longifolia",39,15,0.333333333333333,"0.3047","late_secondary_large_tree"
"Manilkara maxima",17,15,0.294117647058824,"0.3047","late_secondary_large_tree"
"Manilkara multifida",48,NA,NA,"0.3342","unknown_large_tree"
"Manilkara salzmannii",22,15,0.363636363636364,"0.3047","late_secondary_large_tree"
"Manilkara subsericea",254,15,0.618110236220472,"0.3047","late_secondary_large_tree"
"Mansoa difficilis",1,NA,NA,NA,"NA_NA"
"Maprounea guianensis",37,12.5,0.486486486486487,"0.4498","early_secondary_large_tree"
"Margaritaria nobilis",94,12.5,0.553191489361702,"0.4498","early_secondary_large_tree"
"Marlierea clausseniana",20,15,0.1,"0.3047","late_secondary_large_tree"
"Marlierea eugenioides",3,NA,NA,"0.5122","unknown_small_tree"
"Marlierea excoriata",279,20,0.0931899641577061,"0.2533","climax_large_tree"
"Marlierea obscura",335,8,0.57910447761194,"0.4927","late_secondary_small_tree"
"Marlierea regeliana",16,15,0.125,"0.3047","late_secondary_large_tree"
"Marlierea suaveolens",146,15,0.0273972602739726,"0.3047","late_secondary_large_tree"
"Marlierea verticillaris",4,NA,NA,"0.5122","unknown_small_tree"
"Matayba elaeagnoides",6,12.5,0.333333333333333,"0.4498","early_secondary_large_tree"
"Matayba guianensis",374,12.5,0.56951871657754,"0.4498","early_secondary_large_tree"
"Matayba intermedia",120,12.5,0.616666666666667,"0.4498","early_secondary_large_tree"
"Matayba juglandifolia",302,12.5,0.370860927152318,"0.4498","early_secondary_large_tree"
"Matayba obovata",71,15,0.154929577464789,"0.3047","late_secondary_large_tree"
"Melanoxylon brauna",3,15,1,"0.3047","late_secondary_large_tree"
"Meliosma sellowii",134,15,0.343283582089552,"0.3047","late_secondary_large_tree"
"Meriania claussenii",1,12.5,0,"0.4498","early_secondary_large_tree"
"Meriania tetramera",4,NA,NA,"0.5122","unknown_small_tree"
"Metrodorea nigra",9638,15,0.0591409006017846,"0.3047","late_secondary_large_tree"
"Miconia budlejoides",6,10,0,"0.5842","pioneer_large_tree"
"Miconia cabucu",232,10,0.556034482758621,"0.5842","pioneer_large_tree"
"Miconia calvescens",3,7,0,"0.5998","early_secondary_small_tree"
"Miconia chartacea",4,20,0,"0.2533","climax_large_tree"
"Miconia cinerascens",426,10,0.0845070422535211,"0.5842","pioneer_large_tree"
"Miconia cinnamomifolia",133,10,0.481203007518797,"0.5842","pioneer_large_tree"
"Miconia cubatanensis",296,10,0.0878378378378378,"0.5842","pioneer_large_tree"
"Miconia discolor",1,7,0,"0.5998","early_secondary_small_tree"
"Miconia fasciculata",10,10,0.1,"0.5842","pioneer_large_tree"
"Miconia formosa",2,5,1,"1","unknown_large_shrub"
"Miconia hypoleuca",4,12.5,0,"0.4498","early_secondary_large_tree"
"Miconia lurida",2,NA,NA,"0.5122","unknown_small_tree"
"Miconia minutiflora",3,7,0.666666666666667,"0.5998","early_secondary_small_tree"
"Miconia mirabilis",41,12.5,0.414634146341463,"0.4498","early_secondary_large_tree"
"Miconia octopetala",1,NA,NA,"0.3342","unknown_large_tree"
"Miconia paniculata",1,5,1,"1","pioneer_large_shrub"
"Miconia petropolitana",79,6,0.860759493670886,"0.7213","pioneer_small_tree"
"Miconia prasina",6,6,0.833333333333333,"0.7213","pioneer_small_tree"
"Miconia pusilliflora",77,10,0.233766233766234,"0.5842","pioneer_large_tree"
"Miconia pyrifolia",2,12.5,0,"0.4498","early_secondary_large_tree"
"Miconia sellowiana",7,12.5,0.142857142857143,"0.4498","early_secondary_large_tree"
"Miconia theaezans",1,6,1,"0.7213","pioneer_small_tree"
"Miconia valtheri",12,7,0.583333333333333,"0.5998","early_secondary_small_tree"
"Micrandra elata",1,12.5,1,"0.4498","early_secondary_large_tree"
"Micropholis compta",3,12.5,0.333333333333333,"0.4498","early_secondary_large_tree"
"Micropholis crassipedicellata",295,15,0.589830508474576,"0.3047","late_secondary_large_tree"
"Micropholis gardneriana",13,15,0.307692307692308,"0.3047","late_secondary_large_tree"
"Micropholis guyanensis",22,15,0.409090909090909,"0.3047","late_secondary_large_tree"
"Micropholis venulosa",21,15,0.476190476190476,"0.3047","late_secondary_large_tree"
"Mimosa scabrella",4,10,0,"0.5842","pioneer_large_tree"
"Moldenhawera blanchetiana",8,12.5,0.75,"0.4498","early_secondary_large_tree"
"Mollinedia boracensis",15,8,0.4,"0.4927","late_secondary_small_tree"
"Mollinedia elegans",51,9,0.0588235294117647,"0.2868","climax_small_tree"
"Mollinedia gilgiana",7,NA,NA,"0.3342","unknown_large_tree"
"Mollinedia glabra",3,NA,NA,"0.5122","unknown_small_tree"
"Mollinedia lamprophylla",14,NA,NA,"0.3342","unknown_large_tree"
"Mollinedia oligantha",788,8,0.541878172588833,"0.4927","late_secondary_small_tree"
"Mollinedia ovata",3,8,0.333333333333333,"0.4927","late_secondary_small_tree"
"Mollinedia salicifolia",5,NA,NA,"0.5122","unknown_small_tree"
"Mollinedia schottiana",1107,15,0.0695573622402891,"0.3047","late_secondary_large_tree"
"Mollinedia triflora",4,20,0.25,"0.2533","climax_large_tree"
"Mollinedia uleana",94,15,0.106382978723404,"0.3047","late_secondary_large_tree"
"Mollinedia widgrenii",94,15,0.25531914893617,"0.3047","late_secondary_large_tree"
"Monteverdia aquifolia",19,15,0.315789473684211,"0.3047","late_secondary_large_tree"
"Monteverdia ardisiifolia",6,NA,NA,"0.5122","unknown_small_tree"
"Monteverdia brasiliensis",6,NA,NA,"0.5122","unknown_small_tree"
"Monteverdia distichophylla",25,15,0.32,"0.3047","late_secondary_large_tree"
"Monteverdia gonoclada",410,15,0.241463414634146,"0.3047","late_secondary_large_tree"
"Monteverdia ilicifolia",9,15,0.333333333333333,"0.3047","late_secondary_large_tree"
"Monteverdia obtusifolia",23,NA,NA,"0.5122","unknown_small_tree"
"Mouriri bahiensis",3,NA,NA,"0.3342","unknown_large_tree"
"Mouriri chamissoana",17,20,0.529411764705882,"0.2533","climax_large_tree"
"Mouriri regeliana",9,NA,NA,"0.3342","unknown_large_tree"
"Muellera campestris",1,12.5,1,"0.4498","early_secondary_large_tree"
"Myrceugenia campestris",31,8,0.032258064516129,"0.4927","late_secondary_small_tree"
"Myrceugenia glaucescens",82,15,0.304878048780488,"0.3047","late_secondary_large_tree"
"Myrceugenia kleinii",53,20,0.150943396226415,"0.2533","climax_large_tree"
"Myrceugenia miersiana",2,8,0,"0.4927","late_secondary_small_tree"
"Myrceugenia myrcioides",205,8,0.351219512195122,"0.4927","late_secondary_small_tree"
"Myrceugenia pilotantha",25,7,0.64,"0.5998","early_secondary_small_tree"
"Myrceugenia seriatoramosa",11,7,0.909090909090909,"0.5998","early_secondary_small_tree"
"Myrcia aethusa",74,15,0.0675675675675676,"0.3047","late_secondary_large_tree"
"Myrcia amazonica",149,15,0.0134228187919463,"0.3047","late_secondary_large_tree"
"Myrcia amplexicaulis",2,NA,NA,"0.3342","unknown_large_tree"
"Myrcia anacardiifolia",163,7,0.533742331288344,"0.5998","early_secondary_small_tree"
"Myrcia apiocarpa",8,5,1,"1","unknown_large_shrub"
"Myrcia bergiana",6,15,0.333333333333333,"0.3047","late_secondary_large_tree"
"Myrcia bicolor",24,8,0.375,"0.4927","late_secondary_small_tree"
"Myrcia brasiliensis",177,15,0.418079096045198,"0.3047","late_secondary_large_tree"
"Myrcia crocea",4,7,0.25,"0.5998","early_secondary_small_tree"
"Myrcia eugeniopsoides",81,NA,NA,"0.5122","unknown_small_tree"
"Myrcia eximia",3,15,0.666666666666667,"0.3047","late_secondary_large_tree"
"Myrcia ferruginea",2,NA,NA,"0.3342","unknown_large_tree"
"Myrcia ferruginosa",13,NA,NA,"0.3342","unknown_large_tree"
"Myrcia flagellaris",234,15,0.0427350427350427,"0.3047","late_secondary_large_tree"
"Myrcia gigantea",7,15,0,"0.3047","late_secondary_large_tree"
"Myrcia glabra",103,15,0.504854368932039,"0.3047","late_secondary_large_tree"
"Myrcia guianensis",3,12.5,0.666666666666667,"0.4498","early_secondary_large_tree"
"Myrcia hatschbachii",44,12.5,0.431818181818182,"0.4498","early_secondary_large_tree"
"Myrcia hebepetala",50,8,0.34,"0.4927","late_secondary_small_tree"
"Myrcia heringii",1,5,1,"1","late_secondary_large_shrub"
"Myrcia hexasticha",10,NA,NA,"0.5122","unknown_small_tree"
"Myrcia ilheosensis",134,15,0.626865671641791,"0.3047","late_secondary_large_tree"
"Myrcia insigniflora",5,NA,NA,"0.5122","unknown_small_tree"
"Myrcia insularis",3,8,0.666666666666667,"0.4927","late_secondary_small_tree"
"Myrcia isaiana",62,15,0.241935483870968,"0.3047","late_secondary_large_tree"
"Myrcia macrocarpa",34,NA,NA,"0.3342","unknown_large_tree"
"Myrcia multiflora",116,8,0.775862068965517,"0.4927","late_secondary_small_tree"
"Myrcia neoblanchetiana",11,NA,NA,"0.3342","unknown_large_tree"
"Myrcia neoglabra",3,8,0.666666666666667,"0.4927","late_secondary_small_tree"
"Myrcia obversa",21,15,0.0476190476190476,"0.3047","late_secondary_large_tree"
"Myrcia perforata",7,NA,NA,"0.3342","unknown_large_tree"
"Myrcia pubiflora",3,9,0.333333333333333,"0.2868","climax_small_tree"
"Myrcia pubipetala",592,15,0.265202702702703,"0.3047","late_secondary_large_tree"
"Myrcia racemosa",522,15,0.028735632183908,"0.3047","late_secondary_large_tree"
"Myrcia reitzii",39,20,0.41025641025641,"0.2533","climax_large_tree"
"Myrcia spectabilis",244,15,0.0163934426229508,"0.3047","late_secondary_large_tree"
"Myrcia splendens",274,12.5,0.244525547445255,"0.4498","early_secondary_large_tree"
"Myrcia strigipes",522,15,0.053639846743295,"0.3047","late_secondary_large_tree"
"Myrcia subcordata",77,9,0.584415584415584,"0.2868","climax_small_tree"
"Myrcia tenuivenosa",41,15,0.365853658536585,"0.3047","late_secondary_large_tree"
"Myrcia tijucensis",126,15,0.26984126984127,"0.3047","late_secondary_large_tree"
"Myrcia vellozoi",193,12.5,0.0362694300518135,"0.4498","early_secondary_large_tree"
"Myrcia vittoriana",15,8,0.266666666666667,"0.4927","late_secondary_small_tree"
"Myrcianthes pungens",1,12.5,0,"0.4498","early_secondary_large_tree"
"Myrciaria ferruginea",2,12.5,0.5,"0.4498","early_secondary_large_tree"
"Myrciaria floribunda",141,15,0.212765957446809,"0.3047","late_secondary_large_tree"
"Myrocarpus frondosus",192,15,0.333333333333333,"0.3047","late_secondary_large_tree"
"Myroxylon peruiferum",33,15,0.454545454545455,"0.3047","late_secondary_large_tree"
"Myrsine coriacea",544,10,0.571691176470588,"0.5842","pioneer_large_tree"
"Myrsine gardneriana",20,12.5,0.5,"0.4498","early_secondary_large_tree"
"Myrsine guianensis",19,12.5,0.526315789473684,"0.4498","early_secondary_large_tree"
"Myrsine hermogenesii",72,15,0.180555555555556,"0.3047","late_secondary_large_tree"
"Myrsine lancifolia",3,12.5,0,"0.4498","early_secondary_large_tree"
"Myrsine umbellata",294,12.5,0.370748299319728,"0.4498","early_secondary_large_tree"
"Myrsine venosa",54,12.5,0.314814814814815,"0.4498","early_secondary_large_tree"
"Naucleopsis glabra",1,NA,NA,NA,"NA_NA"
"Naucleopsis oblongifolia",8,15,0.25,"0.3047","late_secondary_large_tree"
"Nectandra cuspidata",82,12.5,0.475609756097561,"0.4498","early_secondary_large_tree"
"Nectandra debilis",1,NA,NA,"0.5122","unknown_small_tree"
"Nectandra grandiflora",24,15,0.0833333333333333,"0.3047","late_secondary_large_tree"
"Nectandra leucantha",28,15,0.5,"0.3047","late_secondary_large_tree"
"Nectandra megapotamica",104,12.5,0.596153846153846,"0.4498","early_secondary_large_tree"
"Nectandra membranacea",73,12.5,0.465753424657534,"0.4498","early_secondary_large_tree"
"Nectandra oppositifolia",222,12.5,0.698198198198198,"0.4498","early_secondary_large_tree"
"Nectandra psammophila",9,8,0.888888888888889,"0.4927","late_secondary_small_tree"
"Nectandra reticulata",2,12.5,0,"0.4498","early_secondary_large_tree"
"Neea alumnorum",4,NA,NA,"0.5122","unknown_small_tree"
"Neea floribunda",2,12.5,0,"0.4498","early_secondary_large_tree"
"Neea hirsuta",4,9,0.25,"0.2868","climax_small_tree"
"Neea madeirana",1,NA,NA,"0.3342","unknown_large_tree"
"Neea verticillata",1,12.5,0,"0.4498","early_secondary_large_tree"
"Neocalyptrocalyx nectareus",1,8,0,"0.4927","late_secondary_small_tree"
"Neomitranthes glomerata",302,12.5,0.337748344370861,"0.4498","early_secondary_large_tree"
"Neomitranthes obtusa",1,9,0,"0.2868","climax_small_tree"
"Neomitranthes sctictophylla",1,8,1,"0.4927","late_secondary_small_tree"
"Neoraputia magnifica",21,20,0.142857142857143,"0.2533","climax_large_tree"
"Neoraputia paraensis",1,NA,NA,"0.5122","unknown_small_tree"
"Neoraputia trifoliata",5,NA,NA,"0.3342","unknown_large_tree"
"Neoregelia spectabilis",2,NA,NA,NA,"NA_NA"
"Niedenzuella glabra",5,NA,NA,NA,"NA_NA"
"Ocotea aciphylla",431,15,0.431554524361949,"0.3047","late_secondary_large_tree"
"Ocotea bicolor",249,15,0.469879518072289,"0.3047","late_secondary_large_tree"
"Ocotea blanchetii",1,NA,NA,NA,"NA_NA"
"Ocotea brachybotrya",14,15,0.0714285714285714,"0.3047","late_secondary_large_tree"
"Ocotea canaliculata",10,NA,NA,"0.3342","unknown_large_tree"
"Ocotea catharinensis",617,20,0.442463533225284,"0.2533","climax_large_tree"
"Ocotea cernua",7,12.5,0.571428571428571,"0.4498","early_secondary_large_tree"
"Ocotea corymbosa",51,15,0.411764705882353,"0.3047","late_secondary_large_tree"
"Ocotea daphnifolia",25,15,0.2,"0.3047","late_secondary_large_tree"
"Ocotea deflexa",3,9,0,"0.2868","climax_small_tree"
"Ocotea diospyrifolia",33,12.5,0.545454545454545,"0.4498","early_secondary_large_tree"
"Ocotea dispersa",128,15,0.1953125,"0.3047","late_secondary_large_tree"
"Ocotea divaricata",12,8,0.5,"0.4927","late_secondary_small_tree"
"Ocotea glauca",10,8,0.3,"0.4927","late_secondary_small_tree"
"Ocotea glaziovii",30,15,0.333333333333333,"0.3047","late_secondary_large_tree"
"Ocotea indecora",1839,20,0.174551386623165,"0.2533","climax_large_tree"
"Ocotea lanata",1,9,0,"0.2868","climax_small_tree"
"Ocotea lancifolia",4,20,1,"0.2533","climax_large_tree"
"Ocotea laxa",1,15,0,"0.3047","late_secondary_large_tree"
"Ocotea leucoxylon",4,8,0.5,"0.4927","late_secondary_small_tree"
"Ocotea lobbii",16,12.5,0.25,"0.4498","early_secondary_large_tree"
"Ocotea longifolia",1,12.5,0,"0.4498","early_secondary_large_tree"
"Ocotea macrophylla",1,NA,NA,NA,"NA_NA"
"Ocotea magnilimba",3,NA,NA,NA,"NA_NA"
"Ocotea montana",1,NA,NA,"0.3342","unknown_large_tree"
"Ocotea mosenii",22,15,0.681818181818182,"0.3047","late_secondary_large_tree"
"Ocotea nectandrifolia",4,15,0.5,"0.3047","late_secondary_large_tree"
"Ocotea nitida",2,15,0,"0.3047","late_secondary_large_tree"
"Ocotea notata",18,12.5,0.333333333333333,"0.4498","early_secondary_large_tree"
"Ocotea nunesiana",6,15,0.5,"0.3047","late_secondary_large_tree"
"Ocotea odorifera",102,15,0.450980392156863,"0.3047","late_secondary_large_tree"
"Ocotea oppositifolia",1,NA,NA,"0.5122","unknown_small_tree"
"Ocotea percurrens",21,NA,NA,"0.3342","unknown_large_tree"
"Ocotea porosa",3,15,0.666666666666667,"0.3047","late_secondary_large_tree"
"Ocotea prolifera",2,15,0,"0.3047","late_secondary_large_tree"
"Ocotea puberula",8,15,0.75,"0.3047","late_secondary_large_tree"
"Ocotea pulchella",566,12.5,0.943462897526502,"0.4498","early_secondary_large_tree"
"Ocotea pulchra",178,20,0.146067415730337,"0.2533","climax_large_tree"
"Ocotea sassafras",2,NA,NA,"0.3342","unknown_large_tree"
"Ocotea silvestris",61,15,0.442622950819672,"0.3047","late_secondary_large_tree"
"Ocotea tabacifolia",16,15,0.125,"0.3047","late_secondary_large_tree"
"Ocotea teleiandra",232,8,0.301724137931034,"0.4927","late_secondary_small_tree"
"Ocotea velloziana",11,7,0.818181818181818,"0.5998","early_secondary_small_tree"
"Ocotea velutina",86,15,0.36046511627907,"0.3047","late_secondary_large_tree"
"Ocotea venulosa",51,15,0.294117647058824,"0.3047","late_secondary_large_tree"
"Omphalea brasiliensis",17,NA,NA,"0.4529","unknown_tree_unknown"
"Ophthalmoblapton pedunculare",11,NA,NA,"0.5122","unknown_small_tree"
"Oreopanax capitatus",4,NA,NA,"0.3342","unknown_large_tree"
"Ormosia arborea",141,12.5,0.475177304964539,"0.4498","early_secondary_large_tree"
"Ormosia fastigiata",2,12.5,0,"0.4498","early_secondary_large_tree"
"Ormosia monosperma",168,NA,NA,"0.4529","unknown_tree_unknown"
"Ouratea conduplicata",6,NA,NA,"0.5122","unknown_small_tree"
"Ouratea gigantophylla",3,NA,NA,"0.3342","unknown_large_tree"
"Ouratea multiflora",7,NA,NA,"0.5122","unknown_small_tree"
"Ouratea parviflora",153,15,0.130718954248366,"0.3047","late_secondary_large_tree"
"Ouratea suaveolens",1,NA,NA,"0.5122","unknown_small_tree"
"Pachystroma longifolium",134,15,0.440298507462687,"0.3047","late_secondary_large_tree"
"Palicourea guianensis",2,8,0,"0.4927","late_secondary_small_tree"
"Palicourea mamillaris",2,9,0.5,"0.2868","climax_small_tree"
"Palicourea octocuspis",1,5,1,"1","unknown_large_shrub"
"Palicourea racemosa",1,5,1,"1","late_secondary_large_shrub"
"Parapiptadenia rigida",87,12.5,0.655172413793103,"0.4498","early_secondary_large_tree"
"Parinari alvimii",8,12.5,0.75,"0.4498","early_secondary_large_tree"
"Parinari excelsa",170,15,0.547058823529412,"0.3047","late_secondary_large_tree"
"Parkia pendula",17,15,0.470588235294118,"0.3047","late_secondary_large_tree"
"Passiflora contracta",5,NA,NA,NA,"NA_NA"
"Paubrasilia echinata",3,15,0,"0.3047","late_secondary_large_tree"
"Pausandra morisiana",173,15,0.0520231213872832,"0.3047","late_secondary_large_tree"
"Pavonia alnifolia",1,NA,NA,"0.5122","unknown_small_tree"
"Pavonia calyculosa",1,6,1,"0.7213","pioneer_small_tree"
"Pavonia morii",3,NA,NA,"0.5122","unknown_small_tree"
"Paypayrola blanchetiana",123,12.5,0.00813008130081301,"0.4498","early_secondary_large_tree"
"Peltogyne angustiflora",1,15,0,"0.3047","late_secondary_large_tree"
"Peltogyne confertiflora",2,12.5,0.5,"0.4498","early_secondary_large_tree"
"Peltogyne pauciflora",10,NA,NA,"0.3342","unknown_large_tree"
"Peltophorum dubium",41,12.5,0.853658536585366,"0.4498","early_secondary_large_tree"
"Pera glabrata",1765,12.5,0.368271954674221,"0.4498","early_secondary_large_tree"
"Peritassa laevigata",1,NA,NA,"0.3476","late_secondary_tree_unknown"
"Persea caesia",4,NA,NA,"0.3342","unknown_large_tree"
"Persea willdenovii",22,15,0.227272727272727,"0.3047","late_secondary_large_tree"
"Phanera angulosa",3,NA,NA,NA,"NA_NA"
"Phanera smilacina",2,NA,NA,NA,"NA_NA"
"Phytolacca dioica",48,12.5,0.604166666666667,"0.4498","early_secondary_large_tree"
"Picramnia ciliata",1,8,0,"0.4927","late_secondary_small_tree"
"Picramnia glazioviana",9,8,0.555555555555556,"0.4927","late_secondary_small_tree"
"Picramnia ramiflora",36,8,0.5,"0.4927","late_secondary_small_tree"
"Pilocarpus giganteus",1,NA,NA,"0.5122","unknown_small_tree"
"Pilocarpus pauciflorus",148,15,0.027027027027027,"0.3047","late_secondary_large_tree"
"Pilocarpus pennatifolius",29,15,0,"0.3047","late_secondary_large_tree"
"Pilocarpus riedelianus",8,8,0.375,"0.4927","late_secondary_small_tree"
"Pimenta pseudocaryophyllus",70,15,0.571428571428571,"0.3047","late_secondary_large_tree"
"Piper aduncum",5,7,0.4,"0.5998","early_secondary_small_tree"
"Piper amalago",9,6,0.222222222222222,"0.7213","pioneer_small_tree"
"Piper arboreum",1,7,0,"0.5998","early_secondary_small_tree"
"Piper cernuum",11,12.5,0,"0.4498","early_secondary_large_tree"
"Piper dilatatum",1,NA,NA,"0.5122","unknown_small_tree"
"Piper gaudichaudianum",6,7,0.166666666666667,"0.5998","early_secondary_small_tree"
"Piper richardiifolium",1,5,1,"1","unknown_large_shrub"
"Piptadenia gonoacantha",400,10,0.6275,"0.5842","pioneer_large_tree"
"Piptadenia killipii",1,NA,NA,NA,"unknown_NA"
"Piptadenia paniculata",30,12.5,0.466666666666667,"0.4498","early_secondary_large_tree"
"Piptocarpha axillaris",13,10,0.846153846153846,"0.5842","pioneer_large_tree"
"Piptocarpha lundiana",9,NA,NA,NA,"NA_NA"
"Piptocarpha macropoda",27,10,0.777777777777778,"0.5842","pioneer_large_tree"
"Piptocarpha oblonga",2,6,1,"0.7213","pioneer_small_tree"
"Piptocarpha organensis",2,7,1,"0.5998","early_secondary_small_tree"
"Piptocarpha sellowii",7,7,0.571428571428571,"0.5998","early_secondary_small_tree"
"Pisonia ambigua",67,12.5,0.477611940298507,"0.4498","early_secondary_large_tree"
"Pityrocarpa moniliformis",1,10,1,"0.5842","pioneer_large_tree"
"Plathymenia reticulata",1,12.5,1,"0.4498","early_secondary_large_tree"
"Platycyamus regnellii",3,15,0.333333333333333,"0.3047","late_secondary_large_tree"
"Platymiscium floribundum",67,15,0.388059701492537,"0.3047","late_secondary_large_tree"
"Platymiscium speciosum",17,NA,NA,"0.3342","unknown_large_tree"
"Pleroma elegans",8,6,1,"0.7213","pioneer_small_tree"
"Pleroma fissinervium",2,NA,NA,"0.5122","unknown_small_tree"
"Pleroma stenocarpum",12,NA,NA,"0.4529","unknown_tree_unknown"
"Pleroma trichopodum",9,NA,NA,"0.5122","unknown_small_tree"
"Plinia callosa",10,NA,NA,"0.5122","unknown_small_tree"
"Plinia cauliflora",2,8,0,"0.4927","late_secondary_small_tree"
"Plinia complanata",34,9,0.147058823529412,"0.2868","climax_small_tree"
"Plinia edulis",22,15,0.181818181818182,"0.3047","late_secondary_large_tree"
"Plinia grandifolia",5,20,0,"0.2533","climax_large_tree"
"Plinia peruviana",10,12.5,0.5,"0.4498","early_secondary_large_tree"
"Plinia pseudodichasiantha",70,20,0.1,"0.2533","climax_large_tree"
"Plinia rara",1,NA,NA,"0.5122","unknown_small_tree"
"Plinia rivularis",9,15,0.222222222222222,"0.3047","late_secondary_large_tree"
"Podocarpus sellowii",40,15,0.775,"0.3047","late_secondary_large_tree"
"Pogonophora schomburgkiana",114,15,0.43859649122807,"0.3047","late_secondary_large_tree"
"Porcelia macrocarpa",1,12.5,0,"0.4498","early_secondary_large_tree"
"Posoqueria acutifolia",230,8,0.617391304347826,"0.4927","late_secondary_small_tree"
"Posoqueria bahiensis",4,NA,NA,"0.5122","unknown_small_tree"
"Posoqueria latifolia",158,12.5,0.322784810126582,"0.4498","early_secondary_large_tree"
"Posoqueria trinitatis",3,NA,NA,"0.5122","unknown_small_tree"
"Pourouma guianensis",108,12.5,0.537037037037037,"0.4498","early_secondary_large_tree"
"Pourouma mollis",19,12.5,0.421052631578947,"0.4498","early_secondary_large_tree"
"Pourouma velutina",39,12.5,0.512820512820513,"0.4498","early_secondary_large_tree"
"Pouteria bangii",57,15,0.368421052631579,"0.3047","late_secondary_large_tree"
"Pouteria bapeba",15,15,0.2,"0.3047","late_secondary_large_tree"
"Pouteria beaurepairei",270,12.5,0.581481481481481,"0.4498","early_secondary_large_tree"
"Pouteria bilocularis",19,15,0.0526315789473684,"0.3047","late_secondary_large_tree"
"Pouteria bullata",248,15,0.508064516129032,"0.3047","late_secondary_large_tree"
"Pouteria butyrocarpa",9,20,0.333333333333333,"0.2533","climax_large_tree"
"Pouteria caimito",115,15,0.521739130434783,"0.3047","late_secondary_large_tree"
"Pouteria coelomatica",10,15,0.5,"0.3047","late_secondary_large_tree"
"Pouteria cuspidata",11,15,0.272727272727273,"0.3047","late_secondary_large_tree"
"Pouteria gardneri",4,15,0.5,"0.3047","late_secondary_large_tree"
"Pouteria grandiflora",9,12.5,0,"0.4498","early_secondary_large_tree"
"Pouteria guianensis",5,15,0.2,"0.3047","late_secondary_large_tree"
"Pouteria macahensis",8,12.5,0.125,"0.4498","early_secondary_large_tree"
"Pouteria macrophylla",11,15,0.454545454545455,"0.3047","late_secondary_large_tree"
"Pouteria microstrigosa",5,15,0,"0.3047","late_secondary_large_tree"
"Pouteria procera",18,15,0.388888888888889,"0.3047","late_secondary_large_tree"
"Pouteria psammophila",50,15,0.52,"0.3047","late_secondary_large_tree"
"Pouteria ramiflora",2,15,1,"0.3047","late_secondary_large_tree"
"Pouteria reticulata",40,15,0.125,"0.3047","late_secondary_large_tree"
"Pouteria torta",7,12.5,0.714285714285714,"0.4498","early_secondary_large_tree"
"Pouteria venosa",74,15,0.378378378378378,"0.3047","late_secondary_large_tree"
"Pradosia glaziovii",1,NA,NA,"0.3342","unknown_large_tree"
"Pradosia kuhlmannii",1,NA,NA,"0.3342","unknown_large_tree"
"Pradosia lactescens",47,15,0.191489361702128,"0.3047","late_secondary_large_tree"
"Pradosia subverticillata",2,NA,NA,NA,"NA_NA"
"Prockia crucis",19,7,0.421052631578947,"0.5998","early_secondary_small_tree"
"Protium aracouchini",61,12.5,0.131147540983607,"0.4498","early_secondary_large_tree"
"Protium atlanticum",2,NA,NA,"0.3342","unknown_large_tree"
"Protium catuaba",36,NA,NA,"0.3342","unknown_large_tree"
"Protium heptaphyllum",239,12.5,0.447698744769874,"0.4498","early_secondary_large_tree"
"Protium icicariba",80,NA,NA,"0.3342","unknown_large_tree"
"Protium kleinii",91,20,0.32967032967033,"0.2533","climax_large_tree"
"Protium warmingianum",29,15,0.206896551724138,"0.3047","late_secondary_large_tree"
"Prunus myrtifolia",82,12.5,0.451219512195122,"0.4498","early_secondary_large_tree"
"Pseudobombax grandiflorum",21,12.5,0.714285714285714,"0.4498","early_secondary_large_tree"
"Pseudolmedia hirtula",108,20,0.25,"0.2533","climax_large_tree"
"Pseudolmedia macrophylla",13,NA,NA,"0.3342","unknown_large_tree"
"Pseudopiptadenia bahiana",11,NA,NA,"0.5122","unknown_small_tree"
"Pseudopiptadenia contorta",1,12.5,1,"0.4498","early_secondary_large_tree"
"Pseudopiptadenia warmingii",76,15,0.539473684210526,"0.3047","late_secondary_large_tree"
"Pseudoxandra bahiensis",21,20,0.0476190476190476,"0.2533","climax_large_tree"
"Psidium bahianum",1,NA,NA,"0.3342","unknown_large_tree"
"Psidium cattleyanum",280,12.5,0.589285714285714,"0.4498","early_secondary_large_tree"
"Psidium guajava",10,NA,NA,NA,"NA_NA"
"Psidium sartorianum",3,12.5,0.333333333333333,"0.4498","early_secondary_large_tree"
"Psychotria brachypoda",2,9,0,"0.2868","climax_small_tree"
"Psychotria carthagenensis",5,8,0.2,"0.4927","late_secondary_small_tree"
"Psychotria colorata",1,5,1,"1","unknown_large_shrub"
"Psychotria mapourioides",372,15,0.360215053763441,"0.3047","late_secondary_large_tree"
"Psychotria nemorosa",17,5,1,"1","climax_large_shrub"
"Psychotria nuda",1911,15,0.00627943485086342,"0.3047","late_secondary_large_tree"
"Psychotria pleiocephala",10,15,0.2,"0.3047","late_secondary_large_tree"
"Psychotria schlechtendaliana",11,5,1,"1","late_secondary_large_shrub"
"Psychotria suterella",346,15,0.0173410404624277,"0.3047","late_secondary_large_tree"
"Psychotria vellosiana",43,15,0.581395348837209,"0.3047","late_secondary_large_tree"
"Pterocarpus rohrii",381,12.5,0.52755905511811,"0.4498","early_secondary_large_tree"
"Pterodon emarginatus",1,12.5,1,"0.4498","early_secondary_large_tree"
"Qualea cryptantha",38,10,0.736842105263158,"0.5842","pioneer_large_tree"
"Qualea magna",16,NA,NA,"0.3342","unknown_large_tree"
"Quararibea penduliflora",26,20,0.461538461538462,"0.2533","climax_large_tree"
"Quararibea turbinata",34,15,0.235294117647059,"0.3047","late_secondary_large_tree"
"Quiina glaziovii",245,12.5,0.412244897959184,"0.4498","early_secondary_large_tree"
"Ramisia brasiliensis",2,10,0.5,"0.5842","pioneer_large_tree"
"Randia armata",31,7,0.612903225806452,"0.5998","early_secondary_small_tree"
"Randia calycina",2,5,1,"1","late_secondary_large_shrub"
"Randia ferox",3,8,0.666666666666667,"0.4927","late_secondary_small_tree"
"Rauia nodosa",6,8,0.166666666666667,"0.4927","late_secondary_small_tree"
"Rauvolfia bahiensis",4,12.5,0.25,"0.4498","early_secondary_large_tree"
"Rauvolfia grandiflora",5,7,0.8,"0.5998","early_secondary_small_tree"
"Rauvolfia mattfeldiana",9,NA,NA,"0.5122","unknown_small_tree"
"Rhamnidium elaeocarpum",150,12.5,0.36,"0.4498","early_secondary_large_tree"
"Rhodostemonodaphne capixabensis",20,8,0.7,"0.4927","late_secondary_small_tree"
"Rhodostemonodaphne macrocalyx",18,15,0.444444444444444,"0.3047","late_secondary_large_tree"
"Rinorea guianensis",131,12.5,0.442748091603053,"0.4498","early_secondary_large_tree"
"Roupala montana",98,12.5,0.408163265306122,"0.4498","early_secondary_large_tree"
"Roupala paulensis",2,NA,NA,"0.3342","unknown_large_tree"
"Roupala sculpta",11,NA,NA,"0.3342","unknown_large_tree"
"Rudgea blanchetiana",1,5,1,"1","unknown_large_shrub"
"Rudgea coriacea",1,9,0,"0.2868","climax_small_tree"
"Rudgea coronata",2,5,1,"1","unknown_large_shrub"
"Rudgea corymbulosa",5,NA,NA,"0.5122","unknown_small_tree"
"Rudgea crassifolia",3,NA,NA,"0.5122","unknown_small_tree"
"Rudgea jasminoides",781,8,0.34314980793854,"0.4927","late_secondary_small_tree"
"Rudgea recurva",128,9,0.328125,"0.2868","climax_small_tree"
"Rudgea reticulata",4,NA,NA,"0.3342","unknown_large_tree"
"Rudgea vellerea",4,8,0.75,"0.4927","late_secondary_small_tree"
"Ruprechtia laxiflora",5,12.5,0.4,"0.4498","early_secondary_large_tree"
"Rustia formosa",44,15,0.5,"0.3047","late_secondary_large_tree"
"Sacoglottis mattogrossensis",3,12.5,1,"0.4498","early_secondary_large_tree"
"Salacia elliptica",8,7,0.5,"0.5998","early_secondary_small_tree"
"Salacia grandifolia",9,7,0.444444444444444,"0.5998","early_secondary_small_tree"
"Sapium glandulosum",49,10,0.489795918367347,"0.5842","pioneer_large_tree"
"Sarcaulus brasiliensis",6,20,0.166666666666667,"0.2533","climax_large_tree"
"Savia dictyocarpa",270,15,0.333333333333333,"0.3047","late_secondary_large_tree"
"Schefflera angustissima",737,12.5,0.432835820895522,"0.4498","early_secondary_large_tree"
"Schefflera calva",10,12.5,0.4,"0.4498","early_secondary_large_tree"
"Schefflera morototoni",41,10,0.804878048780488,"0.5842","pioneer_large_tree"
"Schistostemon retusum",3,20,0.333333333333333,"0.2533","climax_large_tree"
"Schizocalyx cuspidatus",8,12.5,0.125,"0.4498","early_secondary_large_tree"
"Schizolobium parahyba",20,10,0.7,"0.5842","pioneer_large_tree"
"Schlegelia parviflora",2,NA,NA,"0.5122","unknown_small_tree"
"Schradera polycephala",2,NA,NA,NA,"NA_NA"
"Scyphonychium multiflorum",52,NA,NA,"0.3342","unknown_large_tree"
"Sebastiania brasiliensis",7,12.5,0,"0.4498","early_secondary_large_tree"
"Sebastiania jacobinensis",4,7,0.5,"0.5998","early_secondary_small_tree"
"Seguieria americana",37,12.5,0.0540540540540541,"0.4498","early_secondary_large_tree"
"Seguieria langsdorffii",9,15,0.333333333333333,"0.3047","late_secondary_large_tree"
"Senefeldera verticillata",23,15,0.304347826086957,"0.3047","late_secondary_large_tree"
"Senegalia giganticarpa",1,NA,NA,"0.3342","unknown_large_tree"
"Senegalia martiusiana",5,NA,NA,"0.5122","unknown_small_tree"
"Senegalia polyphylla",154,10,0.792207792207792,"0.5842","pioneer_large_tree"
"Senna macranthera",2,6,0.5,"0.7213","pioneer_small_tree"
"Senna multijuga",41,10,0.390243902439024,"0.5842","pioneer_large_tree"
"Senna silvestris",9,6,0.888888888888889,"0.7213","pioneer_small_tree"
"Serjania caracasana",1,NA,NA,NA,"NA_NA"
"Simaba guianensis",7,20,0.428571428571429,"0.2533","climax_large_tree"
"Simarouba amara",10,12.5,0.5,"0.4498","early_secondary_large_tree"
"Simira corumbensis",68,12.5,0.558823529411765,"0.4498","early_secondary_large_tree"
"Simira glaziovii",3,15,0,"0.3047","late_secondary_large_tree"
"Simira sampaioana",4,8,0.75,"0.4927","late_secondary_small_tree"
"Simira viridiflora",6,12.5,0.666666666666667,"0.4498","early_secondary_large_tree"
"Siparuna brasiliensis",1,8,0,"0.4927","late_secondary_small_tree"
"Siparuna cymosa",12,NA,NA,"0.3342","unknown_large_tree"
"Siparuna glycycarpa",6,NA,NA,"0.3342","unknown_large_tree"
"Siparuna guianensis",34,12.5,0.147058823529412,"0.4498","early_secondary_large_tree"
"Siparuna reginae",9,15,0,"0.3047","late_secondary_large_tree"
"Siphoneugena densiflora",111,15,0.261261261261261,"0.3047","late_secondary_large_tree"
"Siphoneugena guilfoyleiana",81,NA,NA,"0.3342","unknown_large_tree"
"Sloanea garckeana",24,15,0.0416666666666667,"0.3047","late_secondary_large_tree"
"Sloanea guianensis",980,15,0.316326530612245,"0.3047","late_secondary_large_tree"
"Sloanea hirsuta",131,15,0.229007633587786,"0.3047","late_secondary_large_tree"
"Sloanea lasiocoma",11,15,0.181818181818182,"0.3047","late_secondary_large_tree"
"Sloanea obtusifolia",10,15,0.9,"0.3047","late_secondary_large_tree"
"Sloanea sinemariensis",2,NA,NA,"0.3342","unknown_large_tree"
"Solanum argenteum",80,6,0.625,"0.7213","pioneer_small_tree"
"Solanum bullatum",5,12.5,0.4,"0.4498","early_secondary_large_tree"
"Solanum catharinensis",1,NA,NA,NA,"NA_NA"
"Solanum cinnamomeum",11,10,0.909090909090909,"0.5842","pioneer_large_tree"
"Solanum melissarum",3,NA,NA,"0.5122","unknown_small_tree"
"Solanum ovum-fringillae",1,NA,NA,NA,"NA_NA"
"Solanum pseudoquina",20,10,0.45,"0.5842","pioneer_large_tree"
"Solanum rupincola",1,NA,NA,NA,"unknown_NA"
"Solanum sooretamum",2,6,0.5,"0.7213","pioneer_small_tree"
"Solanum swartzianum",7,10,0,"0.5842","pioneer_large_tree"
"Solanum uncinellum",1,NA,NA,NA,"NA_NA"
"Sorocea bonplandii",404,15,0.222772277227723,"0.3047","late_secondary_large_tree"
"Sorocea guilleminiana",56,20,0.0357142857142857,"0.2533","climax_large_tree"
"Sorocea hilarii",12,8,0.416666666666667,"0.4927","late_secondary_small_tree"
"Sorocea jureiana",3,NA,NA,"0.4529","unknown_tree_unknown"
"Souroubea guianensis",2,NA,NA,NA,"NA_NA"
"Sparattanthelium botocudorum",3,6,0,"0.7213","pioneer_small_tree"
"Spirotheca rivieri",2,12.5,1,"0.4498","early_secondary_large_tree"
"Spondias macrocarpa",6,NA,NA,"0.3342","unknown_large_tree"
"Stephanopodium blanchetianum",55,12.5,0.218181818181818,"0.4498","early_secondary_large_tree"
"Stephanopodium estrellense",4,NA,NA,"0.5122","unknown_small_tree"
"Stephanopodium magnifolium",24,NA,NA,"0.5122","unknown_small_tree"
"Sterculia curiosa",46,15,0.369565217391304,"0.3047","late_secondary_large_tree"
"Sterculia excelsa",1,15,1,"0.3047","late_secondary_large_tree"
"Steyermarkina pyrifolia",1,NA,NA,NA,"NA_NA"
"Strychnos atlantica",5,NA,NA,NA,"NA_NA"
"Strychnos bahiensis",2,NA,NA,NA,"NA_NA"
"Strychnos brasiliensis",6,7,0.333333333333333,"0.5998","early_secondary_small_tree"
"Strychnos nigricans",2,NA,NA,NA,"NA_NA"
"Strychnos romeu-belenii",5,NA,NA,NA,"NA_NA"
"Stryphnodendron polyphyllum",2,12.5,0,"0.4498","early_secondary_large_tree"
"Stryphnodendron pulcherrimum",1,12.5,1,"0.4498","early_secondary_large_tree"
"Stylogyne lhotzkyana",24,20,0,"0.2533","climax_large_tree"
"Styrax acuminatus",7,12.5,0.428571428571429,"0.4498","early_secondary_large_tree"
"Styrax glabratus",6,12.5,0.166666666666667,"0.4498","early_secondary_large_tree"
"Swartzia acutifolia",11,15,0.545454545454545,"0.3047","late_secondary_large_tree"
"Swartzia alternifoliolata",9,8,0.777777777777778,"0.4927","late_secondary_small_tree"
"Swartzia apetala",8,12.5,0.125,"0.4498","early_secondary_large_tree"
"Swartzia flaemingii",6,15,0,"0.3047","late_secondary_large_tree"
"Swartzia macrostachya",14,15,0.285714285714286,"0.3047","late_secondary_large_tree"
"Swartzia myrtifolia",2,8,0,"0.4927","late_secondary_small_tree"
"Swartzia pinheiroana",1,NA,NA,"0.5122","unknown_small_tree"
"Swartzia polita",5,20,0.4,"0.2533","climax_large_tree"
"Swartzia reticulata",57,NA,NA,"0.3342","unknown_large_tree"
"Swartzia riedelii",7,NA,NA,"0.5122","unknown_small_tree"
"Swartzia simplex",40,15,0.225,"0.3047","late_secondary_large_tree"
"Swartzia submarginata",21,NA,NA,"0.3342","unknown_large_tree"
"Sweetia fruticosa",37,15,0.162162162162162,"0.3047","late_secondary_large_tree"
"Syagrus botryophora",8,12.5,0.125,"0.4498","early_secondary_large_tree"
"Syagrus oleracea",261,12.5,0.950191570881226,"0.4498","early_secondary_large_tree"
"Syagrus pseudococos",37,NA,NA,"0.3342","unknown_large_tree"
"Syagrus romanzoffiana",654,12.5,0.966360856269113,"0.4498","early_secondary_large_tree"
"Symphonia globulifera",85,12.5,0.529411764705882,"0.4498","early_secondary_large_tree"
"Symplocos celastrinea",3,15,0.666666666666667,"0.3047","late_secondary_large_tree"
"Symplocos estrellensis",46,15,0.369565217391304,"0.3047","late_secondary_large_tree"
"Symplocos falcata",48,8,0.875,"0.4927","late_secondary_small_tree"
"Symplocos laxiflora",93,12.5,0.473118279569892,"0.4498","early_secondary_large_tree"
"Tabebuia cassinoides",134,12.5,0.328358208955224,"0.4498","early_secondary_large_tree"
"Tabebuia elliptica",14,15,0.214285714285714,"0.3047","late_secondary_large_tree"
"Tabebuia roseoalba",8,12.5,0.625,"0.4498","early_secondary_large_tree"
"Tabebuia stenocalyx",6,NA,NA,"0.3342","unknown_large_tree"
"Tabernaemontana catharinensis",33,10,0.787878787878788,"0.5842","pioneer_large_tree"
"Tabernaemontana flavicans",14,NA,NA,"0.5122","unknown_small_tree"
"Tabernaemontana laeta",6,10,0.333333333333333,"0.5842","pioneer_large_tree"
"Tabernaemontana linkii",1,10,1,"0.5842","pioneer_large_tree"
"Tabernaemontana salzmannii",28,12.5,0.107142857142857,"0.4498","early_secondary_large_tree"
"Tachigali densiflora",20,12.5,0.6,"0.4498","early_secondary_large_tree"
"Tachigali denudata",79,15,0.40506329113924,"0.3047","late_secondary_large_tree"
"Tachigali paratyensis",9,12.5,0.222222222222222,"0.4498","early_secondary_large_tree"
"Talisia cerasina",13,15,0,"0.3047","late_secondary_large_tree"
"Talisia cupularis",2,NA,NA,"0.5122","unknown_small_tree"
"Talisia macrophylla",4,12.5,0,"0.4498","early_secondary_large_tree"
"Tapirira guianensis",817,12.5,0.5842,"0.4498","early_secondary_large_tree"
"Terminalia dichotoma",18,NA,NA,"0.3342","unknown_large_tree"
"Terminalia glabrescens",9,12.5,0.777777777777778,"0.4498","early_secondary_large_tree"
"Terminalia januariensis",3,12.5,0.666666666666667,"0.4498","early_secondary_large_tree"
"Terminalia mameluco",1,12.5,1,"0.4498","early_secondary_large_tree"
"Terminalia oblonga",11,12.5,0.363636363636364,"0.4498","early_secondary_large_tree"
"Terminalia triflora",1,15,0,"0.3047","late_secondary_large_tree"
"Ternstroemia brasiliensis",529,7,0.909262759924386,"0.5998","early_secondary_small_tree"
"Tetrastylidium grandifolium",466,15,0.369098712446352,"0.3047","late_secondary_large_tree"
"Tetrorchidium rubrivenium",59,12.5,0.457627118644068,"0.4498","early_secondary_large_tree"
"Theobroma cacao",1,NA,NA,NA,"NA_NA"
"Thyrsodium spruceanum",23,12.5,0.173913043478261,"0.4498","early_secondary_large_tree"
"Tibouchina pulchra",707,10,0.582743988684583,"0.5842","pioneer_large_tree"
"Tibouchina sellowiana",35,10,0.6,"0.5842","pioneer_large_tree"
"Tontelea attenuata",15,NA,NA,"0.3342","unknown_large_tree"
"Tovomita amazonica",14,NA,NA,NA,"NA_NA"
"Tovomita brevistaminea",2,8,1,"0.4927","late_secondary_small_tree"
"Tovomita choisyana",50,12.5,0.34,"0.4498","early_secondary_large_tree"
"Tovomita fructipendula",2,15,0,"0.3047","late_secondary_large_tree"
"Tovomita longifolia",97,NA,NA,"0.3342","unknown_large_tree"
"Tovomita mangle",38,9,0.263157894736842,"0.2868","climax_small_tree"
"Trema micrantha",30,10,0.566666666666667,"0.5842","pioneer_large_tree"
"Trichilia casaretti",42,15,0.0476190476190476,"0.3047","late_secondary_large_tree"
"Trichilia catigua",1006,12.5,0.0328031809145129,"0.4498","early_secondary_large_tree"
"Trichilia clausseni",1303,15,0.0406753645433615,"0.3047","late_secondary_large_tree"
"Trichilia elegans",4,15,0,"0.3047","late_secondary_large_tree"
"Trichilia florbranca",1,NA,NA,"0.5122","unknown_small_tree"
"Trichilia hirta",1,15,1,"0.3047","late_secondary_large_tree"
"Trichilia lepidota",141,20,0.113475177304965,"0.2533","climax_large_tree"
"Trichilia pallens",25,9,0.16,"0.2868","climax_small_tree"
"Trichilia pallida",335,15,0.0358208955223881,"0.3047","late_secondary_large_tree"
"Trichilia pleeana",3,NA,NA,"0.3342","unknown_large_tree"
"Trichilia pseudostipularis",3,9,0.333333333333333,"0.2868","climax_small_tree"
"Trichilia quadrijuga",8,12.5,0.75,"0.4498","early_secondary_large_tree"
"Trichilia ramalhoi",8,NA,NA,"0.3342","unknown_large_tree"
"Trichilia silvatica",16,8,0.5625,"0.4927","late_secondary_small_tree"
"Trichilia tetrapetala",3,8,0.333333333333333,"0.4927","late_secondary_small_tree"
"Unonopsis bahiensis",4,NA,NA,"0.3342","unknown_large_tree"
"Urera baccifera",54,6,0.833333333333333,"0.7213","pioneer_small_tree"
"Urera caracasana",6,6,0,"0.7213","pioneer_small_tree"
"Urera nitida",2,5,1,"1","pioneer_large_shrub"
"Vantanea bahiaensis",1,NA,NA,"0.5122","unknown_small_tree"
"Vantanea compacta",184,15,0.619565217391304,"0.3047","late_secondary_large_tree"
"Vataireopsis araroba",8,12.5,0.375,"0.4498","early_secondary_large_tree"
"Vernonanthura discolor",2,10,1,"0.5842","pioneer_large_tree"
"Vernonanthura divaricata",16,10,0.625,"0.5842","pioneer_large_tree"
"Vernonanthura puberula",9,10,1,"0.5842","pioneer_large_tree"
"Virola bicuhyba",514,15,0.478599221789883,"0.3047","late_secondary_large_tree"
"Virola gardneri",36,15,0.388888888888889,"0.3047","late_secondary_large_tree"
"Virola officinalis",98,15,0.459183673469388,"0.3047","late_secondary_large_tree"
"Virola pavonis",1,NA,NA,NA,"NA_NA"
"Vismia guianensis",10,6,0.5,"0.7213","pioneer_small_tree"
"Vitex megapotamica",18,12.5,0.277777777777778,"0.4498","early_secondary_large_tree"
"Vitex orinocensis",5,12.5,1,"0.4498","early_secondary_large_tree"
"Vitex polygama",23,12.5,0.478260869565217,"0.4498","early_secondary_large_tree"
"Vochysia bifalcata",501,12.5,0.612774451097804,"0.4498","early_secondary_large_tree"
"Vochysia rectiflora",1,NA,NA,"0.3342","unknown_large_tree"
"Vochysia riedeliana",40,NA,NA,"0.3342","unknown_large_tree"
"Vochysia selloi",1,NA,NA,"0.5122","unknown_small_tree"
"Vochysia tucanorum",1,12.5,1,"0.4498","early_secondary_large_tree"
"Weinmannia discolor",13,15,0.538461538461538,"0.3047","late_secondary_large_tree"
"Weinmannia paulliniifolia",69,12.5,0.594202898550725,"0.4498","early_secondary_large_tree"
"Ximenia americana",1,NA,NA,"0.5122","unknown_small_tree"
"Xylopia brasiliensis",66,12.5,0.46969696969697,"0.4498","early_secondary_large_tree"
"Xylopia laevigata",4,15,0.25,"0.3047","late_secondary_large_tree"
"Xylopia langsdorffiana",1101,12.5,0.0772025431425976,"0.4498","early_secondary_large_tree"
"Xylopia ochrantha",11,15,0,"0.3047","late_secondary_large_tree"
"Xylopia sericea",2,10,0.5,"0.5842","pioneer_large_tree"
"Xylosma glaberrima",5,7,0.8,"0.5998","early_secondary_small_tree"
"Xylosma pseudosalzmannii",5,12.5,0.2,"0.4498","early_secondary_large_tree"
"Xylosma tweediana",2,7,1,"0.5998","early_secondary_small_tree"
"Zanthoxylum acuminatum",18,12.5,0.166666666666667,"0.4498","early_secondary_large_tree"
"Zanthoxylum caribaeum",24,12.5,0.5,"0.4498","early_secondary_large_tree"
"Zanthoxylum fagara",54,12.5,0.259259259259259,"0.4498","early_secondary_large_tree"
"Zanthoxylum monogynum",31,7,0.645161290322581,"0.5998","early_secondary_small_tree"
"Zanthoxylum nemorale",7,12.5,0,"0.4498","early_secondary_large_tree"
"Zanthoxylum petiolare",1,12.5,1,"0.4498","early_secondary_large_tree"
"Zanthoxylum rhoifolium",89,12.5,0.224719101123595,"0.4498","early_secondary_large_tree"
"Zanthoxylum riedelianum",6,12.5,0.333333333333333,"0.4498","early_secondary_large_tree"
"Zanthoxylum tingoassuiba",2,12.5,0.5,"0.4498","early_secondary_large_tree"
"Zeyheria tuberculosa",106,15,0.320754716981132,"0.3047","late_secondary_large_tree"
"Zollernia glabra",21,8,0.428571428571429,"0.4927","late_secondary_small_tree"
"Zollernia ilicifolia",128,15,0.3671875,"0.3047","late_secondary_large_tree"
"Zollernia magnifica",17,NA,NA,"0.3342","unknown_large_tree"
"Zollernia modesta",8,15,0.625,"0.3047","late_secondary_large_tree"
